"id","MQ2","MQ7","MQ135","NO2","C2H5OH","VOC","CO","HMD","TMP","HI","RAWPM","DD","LAT","LON","time"
1,,,,,,,,,,,,,,,"2024-04-15 20:48:34.502307"
2,,,,,,,,,,,,,,,"2024-04-16 08:13:47.757913"
3,0.5,0.3,0.8,0.2,0.6,0.4,0.7,50.0,25.0,30.0,10.0,,40.7128,-74.006,"2024-04-16 08:25:06.314905"
4,0.5,0.3,0.8,0.2,0.6,0.5,0.9,50.0,25.0,30.0,10.0,,40.7128,-74.006,"2024-04-16 08:45:34.881288"
5,,,,,,,,,,,,,,,"2024-04-17 14:38:16.254065"
6,3.38,7.01,6.77,1.64,1.27,66.24,2.28,22.63,32.0,-10.47,,105.71,22.556973,88.4940996,"2024-04-18 10:05:28.982955"
7,8.42,1.33,8.17,0.58,35.02,36.65,21.51,26.13,32.0,7.82,,831.02,22.556973,88.4940996,"2024-04-18 10:05:35.623773"
8,6.39,2.27,2.99,1.99,17.42,47.21,76.8,68.22,32.0,18.08,,625.31,22.556973,88.4940996,"2024-04-18 10:05:42.796934"
9,9.96,7.47,8.71,2.22,42.26,12.26,63.87,27.69,32.0,35.49,,72.87,22.556973,88.4940996,"2024-04-18 10:05:49.344342"
10,1.01,5.49,0.74,0.22,58.28,11.65,78.79,90.43,32.0,49.58,,600.69,22.556973,88.4940996,"2024-04-18 10:05:55.259918"
11,1.07,5.43,7.48,1.44,3.94,56.16,103.31,97.2,32.0,26.77,,764.18,22.556973,88.4940996,"2024-04-18 10:06:03.658142"
12,4.35,9.53,5.14,5.72,47.33,19.4,114.0,49.09,32.0,-2.39,,245.21,22.556973,88.4940996,"2024-04-18 10:06:09.658632"
13,7.88,9.31,0.32,6.37,13.73,10.64,80.64,31.2,32.0,-9.85,,360.57,22.556973,88.4940996,"2024-04-18 10:06:16.037649"
14,4.8,5.52,0.15,2.34,28.88,47.01,32.0,38.65,32.0,42.49,,654.64,22.556973,88.4940996,"2024-04-18 10:06:22.110451"
15,0.48,4.4,8.81,6.5,29.23,6.55,111.83,95.97,32.0,21.81,,39.71,22.556973,88.4940996,"2024-04-18 10:06:28.019212"
16,1.25,6.12,9.1,5.24,6.26,42.08,4.07,77.04,32.0,26.22,,127.15,22.556973,88.4940996,"2024-04-18 10:06:34.079815"
17,7.6,9.19,3.64,6.34,42.18,54.74,101.08,48.67,32.0,48.74,,970.83,22.556973,88.4940996,"2024-04-18 10:06:39.871276"
18,4.17,8.63,0.62,5.39,0.51,33.04,41.91,67.61,32.0,0.59,,248.15,22.556973,88.4940996,"2024-04-18 10:06:45.951466"
19,1.02,6.29,3.94,5.16,88.15,14.36,18.25,2.48,32.0,11.62,,286.67,22.556973,88.4940996,"2024-04-18 10:06:52.095177"
20,0.54,2.21,8.18,1.79,20.05,53.9,52.29,12.68,32.0,29.99,,447.18,22.556973,88.4940996,"2024-04-18 10:06:58.079602"
21,5.59,8.68,9.94,1.6,83.01,45.79,42.79,7.06,32.0,37.59,,261.28,22.556973,88.4940996,"2024-04-18 10:07:04.016610"
22,0.4,0.24,5.07,2.53,36.97,53.04,99.08,62.58,32.0,-16.89,,140.77,22.556973,88.4940996,"2024-04-18 10:07:09.886503"
23,0.56,9.86,2.87,3.85,57.47,43.08,91.21,44.76,32.0,0.11,,88.96,22.556973,88.4940996,"2024-04-18 10:07:15.699679"
24,9.92,6.03,1.57,2.74,62.26,60.83,18.25,80.14,32.0,47.42,,924.77,22.556973,88.4940996,"2024-04-18 10:07:21.633479"
25,4.46,9.02,2.94,2.84,44.85,64.52,19.66,72.84,32.0,-6.24,,758.22,22.556973,88.4940996,"2024-04-18 10:07:27.516163"
26,2.39,8.14,1.32,4.04,10.32,38.78,36.98,96.36,32.0,9.09,,929.77,22.556973,88.4940996,"2024-04-18 10:07:33.285914"
27,3.53,6.61,8.1,5.53,86.78,41.03,59.64,81.43,32.0,3.5,,116.18,22.556973,88.4940996,"2024-04-18 10:07:39.954543"
28,1.92,7.75,8.18,5.36,28.25,12.94,91.75,96.89,32.0,44.12,,606.05,22.556973,88.4940996,"2024-04-18 10:07:45.850253"
29,0.78,1.63,2.23,0.04,9.88,33.44,31.72,83.7,32.0,-2.31,,847.12,22.556973,88.4940996,"2024-04-18 10:07:51.775346"
30,6.31,6.65,1.0,2.95,10.28,31.91,97.59,3.56,32.0,15.7,,81.68,22.556973,88.4940996,"2024-04-18 10:07:58.248872"
31,6.63,2.95,3.34,5.19,52.61,35.74,1.93,68.4,32.0,-11.2,,794.14,22.556973,88.4940996,"2024-04-18 10:08:04.208954"
32,3.32,7.53,8.49,2.39,81.34,32.06,59.1,31.54,32.0,30.8,,190.26,22.556973,88.4940996,"2024-04-18 10:10:50.078637"
33,9.08,8.16,3.17,6.79,19.84,38.24,94.16,50.72,32.0,-9.75,,246.12,22.556973,88.4940996,"2024-04-18 10:10:55.454736"
34,6.29,9.58,4.66,4.3,36.26,2.07,46.54,25.99,32.0,-16.95,,62.55,22.556973,88.4940996,"2024-04-18 10:11:00.730786"
35,7.13,0.64,8.66,1.66,86.05,40.5,74.53,50.83,32.0,-8.4,,152.4,22.556973,88.4940996,"2024-04-18 10:11:06.070078"
36,8.72,9.37,3.95,1.03,47.72,17.88,56.23,38.98,32.0,46.83,,831.74,22.556973,88.4940996,"2024-04-18 10:11:11.533427"
37,8.24,5.24,4.3,6.08,19.93,63.31,45.59,9.21,32.0,19.96,,27.4,22.556973,88.4940996,"2024-04-18 10:11:16.872406"
38,1.58,1.12,4.91,4.99,54.1,53.76,13.55,95.89,32.0,48.08,,446.94,22.556973,88.4940996,"2024-04-18 10:11:22.242345"
39,7.74,0.14,6.67,6.87,34.05,44.5,18.13,27.84,32.0,9.88,,960.41,22.556973,88.4940996,"2024-04-18 10:11:27.713087"
40,4.63,0.62,5.7,0.24,75.13,14.01,77.05,72.09,32.0,23.67,,781.77,22.556973,88.4940996,"2024-04-18 10:11:33.252712"
41,1.27,5.73,6.41,2.11,54.85,57.68,95.95,20.0,32.0,-1.73,,151.74,22.556973,88.4940996,"2024-04-18 10:11:38.768561"
42,5.65,1.93,8.36,1.08,74.93,29.23,89.24,22.52,32.0,44.93,,176.14,22.556973,88.4940996,"2024-04-18 10:11:44.317729"
43,6.95,8.15,7.62,4.38,39.22,17.3,64.28,75.66,32.0,20.62,,727.4,22.556973,88.4940996,"2024-04-18 10:11:49.673945"
44,8.73,4.81,2.96,3.43,75.96,60.5,24.75,6.86,32.0,43.33,,308.76,22.556973,88.4940996,"2024-04-18 10:11:55.028431"
45,8.22,8.79,2.92,5.21,58.11,27.15,18.95,60.84,32.0,18.84,,999.44,22.556973,88.4940996,"2024-04-18 10:12:00.393384"
46,8.06,4.55,1.73,6.3,64.32,57.51,12.44,54.72,32.0,3.67,,743.39,22.556973,88.4940996,"2024-04-18 10:12:06.047111"
47,7.81,0.37,5.95,6.11,21.26,20.17,44.68,27.11,32.0,-15.57,,783.44,22.556973,88.4940996,"2024-04-18 10:12:11.395613"
48,3.16,5.92,7.82,2.05,48.97,7.07,74.36,66.83,32.0,8.38,,503.31,22.556973,88.4940996,"2024-04-18 10:12:16.752084"
49,7.62,4.81,0.9,6.73,12.21,46.76,80.19,50.71,32.0,-13.2,,466.18,22.556973,88.4940996,"2024-04-18 10:12:22.061107"
50,0.6,2.92,4.59,1.93,61.71,21.22,63.77,96.21,32.0,37.89,,790.6,22.556973,88.4940996,"2024-04-18 10:12:27.426778"
51,9.7,7.96,9.75,5.6,73.14,2.91,83.97,61.88,32.0,25.3,,727.24,22.556973,88.4940996,"2024-04-18 10:12:33.092054"
52,1.85,0.78,0.42,0.18,81.73,56.11,114.45,10.35,32.0,37.67,,585.94,22.556973,88.4940996,"2024-04-18 10:12:38.601634"
53,5.38,3.17,4.28,6.36,56.43,29.09,103.43,18.65,32.0,39.77,,14.89,22.556973,88.4940996,"2024-04-18 10:12:44.007411"
54,4.36,0.85,6.26,5.54,47.76,50.9,50.89,52.66,32.0,20.88,,435.86,22.556973,88.4940996,"2024-04-18 10:12:49.567580"
55,2.68,6.18,6.07,5.6,3.71,54.86,39.06,37.91,32.0,-19.49,,900.08,22.556973,88.4940996,"2024-04-18 10:12:54.865438"
56,7.16,2.78,0.64,6.67,85.9,18.8,43.68,75.85,32.0,47.95,,252.03003992163505,22.556973,88.4940996,"2024-04-18 10:14:16.862039"
57,6.12,7.53,9.94,5.86,40.08,37.12,27.49,42.43,32.0,30.6,,251.8875271512088,22.556973,88.4940996,"2024-04-18 10:14:22.326145"
58,3.7,0.83,5.15,3.1,23.92,55.45,114.3,22.22,32.0,3.34,,251.65946409161342,22.556973,88.4940996,"2024-04-18 10:14:27.937942"
59,0.66,3.41,2.93,6.05,75.56,67.33,3.01,66.04,32.0,29.67,,251.88388809952335,22.556973,88.4940996,"2024-04-18 10:14:33.601765"
60,0.01,8.1,5.81,6.67,18.48,3.22,51.74,12.82,32.0,30.68,,253.31,22.556973,88.4940996,"2024-04-18 10:14:37.890599"
61,1.86,0.42,5.16,3.65,18.44,11.74,39.85,37.97,32.0,16.58,,252.21,22.556973,88.4940996,"2024-04-18 10:14:43.274513"
62,7.94,9.29,7.58,6.12,84.58,53.61,61.17,35.43,32.0,44.86,,253.17,22.556973,88.4940996,"2024-04-18 10:14:48.876818"
63,8.02,3.02,4.02,4.49,20.35,58.28,111.11,97.49,32.0,29.01,,252.96,22.556973,88.4940996,"2024-04-18 10:14:54.239974"
64,8.47,8.83,6.0,5.04,13.27,25.7,4.44,45.46,32.0,13.21,,251.65,22.556973,88.4940996,"2024-04-18 10:14:59.777464"
65,5.07,6.01,5.79,2.41,64.63,39.47,42.79,71.65,32.0,-16.6,,252.0,22.556973,88.4940996,"2024-04-18 10:15:05.306392"
66,5.51,4.18,0.54,6.49,40.62,43.64,25.35,52.12,32.0,34.42,,252.85,22.556973,88.4940996,"2024-04-18 10:15:10.627162"
67,5.38,6.78,6.92,0.1,44.0,21.73,63.03,43.54,32.0,-0.83,,251.99,22.556973,88.4940996,"2024-04-18 10:15:15.969736"
68,8.93,7.12,9.74,0.11,54.53,40.98,64.69,37.21,32.0,27.38,,251.8,22.556973,88.4940996,"2024-04-18 10:15:21.442406"
69,3.33,7.54,2.08,6.16,82.18,14.26,113.63,32.77,32.0,37.81,,252.04,22.556973,88.4940996,"2024-04-18 10:15:26.961970"
70,1.23,7.35,8.53,0.91,62.67,51.56,49.97,66.67,32.0,-11.89,,251.59,22.556973,88.4940996,"2024-04-18 10:15:32.452150"
71,7.57,4.69,0.59,5.08,0.17,33.45,91.83,40.29,32.0,23.74,,253.01,22.556973,88.4940996,"2024-04-18 10:15:37.782830"
72,1.02,3.63,5.83,6.34,84.41,57.32,113.36,42.45,32.0,32.69,,253.04,22.556973,88.4940996,"2024-04-18 10:15:43.105269"
73,6.71,2.35,5.6,4.42,19.04,43.87,112.17,19.14,32.0,33.91,,252.41,22.556973,88.4940996,"2024-04-18 10:15:48.515439"
74,3.46,4.12,2.83,5.85,42.69,32.76,78.72,90.58,32.0,9.02,,252.83,22.556973,88.4940996,"2024-04-18 10:15:53.919270"
75,2.85,5.73,9.98,1.83,85.65,59.95,88.44,73.29,32.0,40.03,,253.37,22.556973,88.4940996,"2024-04-18 10:15:59.488830"
76,6.45,6.42,9.25,6.19,76.02,41.26,6.4,92.35,32.0,16.29,,251.73,22.556973,88.4940996,"2024-04-18 10:16:05.003174"
77,6.64,0.9,4.19,0.82,18.23,45.31,59.61,36.7,32.0,48.28,,252.88,22.556973,88.4940996,"2024-04-18 10:16:10.497315"
78,1.55,7.5,7.49,1.3,67.52,22.24,80.12,3.88,32.0,39.37,,251.59,22.556973,88.4940996,"2024-04-18 10:16:15.832476"
79,8.78,6.58,4.43,5.13,58.31,10.71,28.57,38.14,32.0,27.17,,253.09,22.556973,88.4940996,"2024-04-18 10:16:21.312938"
80,3.1,6.69,1.54,5.76,80.53,44.94,21.53,83.51,32.0,43.61,,252.67,22.556973,88.4940996,"2024-04-18 10:16:26.634151"
81,6.83,3.97,9.52,4.53,43.04,52.36,56.77,9.48,32.0,48.32,,252.87,22.556973,88.4940996,"2024-04-18 10:16:31.935078"
82,1.7,5.77,5.52,1.71,62.67,48.39,90.13,84.25,32.0,32.14,,252.24,22.556973,88.4940996,"2024-04-18 10:16:37.374516"
83,0.42,9.32,0.36,1.79,30.22,64.28,95.81,67.84,32.0,7.02,,252.62,22.556973,88.4940996,"2024-04-18 10:16:42.625160"
84,7.76,9.7,2.67,5.96,10.67,11.78,60.91,0.3,32.0,32.28,,252.95,22.556973,88.4940996,"2024-04-18 10:16:48.173216"
85,7.49,0.82,0.68,4.67,56.0,44.83,88.48,31.54,32.0,36.71,,253.43,22.556973,88.4940996,"2024-04-18 10:16:53.508168"
86,0.49,6.25,6.9,0.77,15.85,31.57,20.57,78.71,32.0,8.05,,252.35,22.556973,88.4940996,"2024-04-18 10:16:58.987716"
87,3.22,9.45,0.86,5.08,1.57,55.93,32.28,88.76,32.0,27.43,,252.36,22.556973,88.4940996,"2024-04-18 10:17:04.390041"
88,7.87,4.71,7.45,4.65,71.5,47.52,67.79,87.54,32.0,3.85,,251.99,22.556973,88.4940996,"2024-04-18 10:17:10.066158"
89,0.06,6.78,8.01,5.16,77.34,61.13,22.87,38.49,32.0,17.34,,252.87,22.556973,88.4940996,"2024-04-18 10:17:15.444140"
90,9.14,2.95,3.2,3.43,63.6,28.96,96.92,50.68,32.0,3.3,,252.86,22.556973,88.4940996,"2024-04-18 10:17:20.774109"
91,0.83,4.64,3.72,1.71,84.28,28.47,35.21,77.72,32.0,33.13,,252.73,22.556973,88.4940996,"2024-04-18 10:17:26.208057"
92,1.07,6.27,6.0,2.64,5.06,55.58,87.64,62.32,32.0,1.13,,252.51,22.556973,88.4940996,"2024-04-18 10:17:31.529974"
93,2.5,6.94,0.66,1.93,26.19,27.0,86.52,4.53,32.0,32.56,,252.88,22.556973,88.4940996,"2024-04-18 10:17:36.862924"
94,8.14,0.18,2.64,6.76,28.3,11.97,14.28,53.34,32.0,19.02,,252.83,22.556973,88.4940996,"2024-04-18 10:17:42.338427"
95,6.76,3.19,5.92,4.02,10.36,32.07,68.43,12.7,32.0,4.4,,252.99,22.556973,88.4940996,"2024-04-18 10:17:47.725412"
96,3.68,5.07,7.45,3.06,88.54,10.06,16.17,80.14,32.0,47.93,,252.49,22.556973,88.4940996,"2024-04-18 10:17:53.088095"
97,5.66,8.93,5.9,5.72,17.68,62.27,64.95,37.34,32.0,-6.98,,253.3,22.556973,88.4940996,"2024-04-18 10:17:58.385342"
98,7.13,7.81,2.49,5.73,54.94,28.81,106.81,22.76,32.0,-1.22,,251.67,22.556973,88.4940996,"2024-04-18 10:18:03.952774"
99,4.3,9.79,9.77,6.6,19.92,13.64,103.09,26.21,32.0,2.0,,252.26,22.556973,88.4940996,"2024-04-18 10:18:09.363551"
100,7.14,3.64,8.41,2.34,62.05,10.2,79.74,61.98,32.0,5.53,,253.33,22.556973,88.4940996,"2024-04-18 10:18:14.660088"
101,8.67,5.65,4.18,0.55,13.59,35.17,108.08,28.43,32.0,-10.82,,253.39,22.556973,88.4940996,"2024-04-18 10:18:20.232745"
102,8.65,1.34,7.39,6.22,44.37,19.02,81.08,5.38,32.0,43.52,,253.36,22.556973,88.4940996,"2024-04-18 10:18:25.846152"
103,6.29,9.88,2.53,4.2,63.25,37.93,35.66,56.69,32.0,45.81,,252.15,22.556973,88.4940996,"2024-04-18 10:18:31.456079"
104,1.26,2.9,1.59,6.61,77.48,40.19,27.51,62.05,32.0,0.63,,251.62,22.556973,88.4940996,"2024-04-18 10:18:36.895147"
105,3.95,5.5,9.45,2.15,24.32,42.19,10.02,71.13,32.0,-6.98,,252.37,22.556973,88.4940996,"2024-04-18 10:18:42.334228"
106,9.88,9.53,3.26,4.37,46.57,32.16,94.54,96.65,32.0,38.48,,251.73,22.556973,88.4940996,"2024-04-18 10:18:47.720457"
107,8.03,4.23,5.31,3.59,75.25,10.04,97.19,17.64,32.0,39.0,,252.65,22.556973,88.4940996,"2024-04-18 10:18:53.082291"
108,7.43,5.43,7.13,2.2,30.0,67.66,75.94,94.16,32.0,33.88,,252.81,22.556973,88.4940996,"2024-04-18 10:18:58.438310"
109,9.22,5.87,0.54,2.88,37.11,50.57,71.03,66.35,32.0,29.0,,251.6,22.556973,88.4940996,"2024-04-18 10:19:03.824777"
110,4.57,6.03,6.52,2.48,39.45,63.36,98.93,51.91,32.0,8.06,,252.91,22.556973,88.4940996,"2024-04-18 10:19:09.126707"
111,5.45,1.39,6.97,0.69,35.99,22.64,60.12,63.02,32.0,14.51,,253.09,22.556973,88.4940996,"2024-04-18 10:19:14.434578"
112,7.63,8.46,9.69,3.81,40.03,35.66,43.26,41.77,32.0,28.35,,252.22,22.556973,88.4940996,"2024-04-18 10:19:19.871139"
113,7.71,4.41,3.63,4.15,82.67,54.8,103.69,32.28,32.0,-7.22,,253.3,22.556973,88.4940996,"2024-04-18 10:19:25.158775"
114,9.26,1.06,2.9,4.18,35.86,21.42,43.52,72.62,32.0,5.46,,252.6,22.556973,88.4940996,"2024-04-18 10:19:30.768688"
115,4.02,2.71,3.75,1.14,26.61,24.59,50.3,59.67,32.0,-8.25,,252.02,22.556973,88.4940996,"2024-04-18 10:19:36.167700"
116,2.58,9.43,2.76,5.58,68.08,47.43,73.97,16.59,32.0,10.21,,253.2,22.556973,88.4940996,"2024-04-18 10:19:41.522400"
117,8.9,9.94,2.62,0.28,85.2,0.55,25.99,46.04,32.0,5.0,,252.12,22.556973,88.4940996,"2024-04-18 10:19:46.876418"
118,5.47,2.17,5.33,3.6,42.19,43.99,26.79,79.94,32.0,18.66,,252.64,22.556973,88.4940996,"2024-04-18 10:19:52.424895"
119,2.14,6.77,7.13,5.34,49.75,47.7,89.53,97.25,32.0,-15.96,,253.1,22.556973,88.4940996,"2024-04-18 10:19:57.732375"
120,8.12,0.45,3.85,6.37,83.97,30.76,38.08,31.55,32.0,43.45,,252.12,22.556973,88.4940996,"2024-04-18 10:20:03.010899"
121,7.39,9.54,0.09,3.79,41.74,65.28,16.67,62.63,32.0,46.2,,252.83,22.556973,88.4940996,"2024-04-18 10:20:08.355740"
122,3.23,9.75,9.92,0.95,68.79,12.31,22.85,31.24,32.0,22.15,,251.79,22.556973,88.4940996,"2024-04-18 10:20:14.007168"
123,6.25,2.73,5.26,3.87,58.7,13.31,69.83,30.07,32.0,33.42,,253.39,22.556973,88.4940996,"2024-04-18 10:20:19.449618"
124,2.24,4.12,4.65,0.61,82.6,23.78,31.57,15.42,32.0,27.49,,253.07,22.556973,88.4940996,"2024-04-18 10:20:24.827538"
125,0.68,7.93,6.23,2.23,63.34,12.42,72.26,50.03,32.0,-6.03,,251.69,22.556973,88.4940996,"2024-04-18 10:20:30.119575"
126,7.23,0.06,7.73,0.26,17.26,63.65,29.35,97.02,32.0,38.16,,253.01,22.556973,88.4940996,"2024-04-18 10:20:35.421411"
127,0.18,3.26,9.37,4.61,13.37,62.8,105.71,41.85,32.0,-19.55,,253.12,22.556973,88.4940996,"2024-04-18 10:20:40.786656"
128,3.85,6.69,1.14,2.11,49.74,34.85,107.83,78.36,32.0,15.84,,251.69,22.556973,88.4940996,"2024-04-18 10:20:46.088289"
129,9.42,2.66,5.25,3.16,38.49,4.89,21.86,64.71,32.0,34.14,,253.26,22.556973,88.4940996,"2024-04-18 10:20:51.448707"
130,3.03,1.82,8.65,5.28,20.08,2.61,29.57,55.26,32.0,22.77,,252.96,22.556973,88.4940996,"2024-04-18 10:20:56.820350"
131,7.86,4.67,8.03,4.87,67.93,46.92,19.65,14.03,32.0,35.74,,252.07,22.556973,88.4940996,"2024-04-18 10:21:02.188087"
132,3.48,0.98,7.54,5.69,60.74,32.81,56.14,21.62,32.0,-3.42,,251.58,22.556973,88.4940996,"2024-04-18 10:21:07.562266"
133,8.3,4.58,9.27,5.93,78.04,27.87,77.61,80.34,32.0,0.98,,253.31,22.556973,88.4940996,"2024-04-18 10:21:12.889878"
134,7.08,2.0,9.69,3.74,62.39,55.1,11.79,19.4,32.0,25.7,,252.89,22.556973,88.4940996,"2024-04-18 10:21:18.180058"
135,9.73,1.98,8.3,6.5,80.23,1.92,60.85,88.61,32.0,22.7,,252.5,22.556973,88.4940996,"2024-04-18 10:21:23.530626"
136,5.68,1.58,0.11,6.49,51.0,13.66,80.0,56.92,32.0,-11.51,,251.64,22.556973,88.4940996,"2024-04-18 10:21:28.890343"
137,9.61,9.2,1.17,2.35,74.78,8.42,78.61,11.4,32.0,18.87,,252.29,22.556973,88.4940996,"2024-04-18 10:21:34.205770"
138,4.8,0.23,8.97,3.96,64.23,25.36,66.01,76.9,32.0,25.87,,253.16,22.556973,88.4940996,"2024-04-18 10:21:39.574631"
139,2.36,0.02,5.75,4.62,27.5,60.13,86.55,63.05,32.0,10.89,,252.66,22.556973,88.4940996,"2024-04-18 10:21:44.901831"
140,2.7,3.35,2.33,4.18,23.38,67.2,70.52,59.92,32.0,-10.83,,251.74,22.556973,88.4940996,"2024-04-18 10:21:50.283636"
141,5.2,8.93,0.38,2.81,87.5,8.25,22.65,82.02,32.0,-15.74,,252.72,22.556973,88.4940996,"2024-04-18 10:21:55.664045"
142,0.78,2.99,3.07,3.34,62.96,12.97,12.07,25.05,32.0,26.06,,251.57,22.556973,88.4940996,"2024-04-18 10:22:00.928897"
143,8.95,0.32,5.1,3.42,64.61,22.55,10.22,7.94,32.0,14.11,,251.83,22.556973,88.4940996,"2024-04-18 10:22:06.221471"
144,7.47,0.55,7.75,0.81,73.84,60.85,99.69,16.31,32.0,35.69,,253.1,22.556973,88.4940996,"2024-04-18 10:22:11.554722"
145,2.92,1.8,8.53,5.4,73.82,64.2,113.01,73.16,32.0,2.85,,251.9,22.556973,88.4940996,"2024-04-18 10:22:16.864672"
146,6.11,5.43,4.52,0.09,15.83,26.06,104.39,39.65,32.0,8.42,,251.82,22.556973,88.4940996,"2024-04-18 10:22:22.243086"
147,2.21,7.54,4.95,0.01,23.42,32.98,80.63,64.12,32.0,42.5,,251.89,22.556973,88.4940996,"2024-04-18 10:22:27.528135"
148,0.91,8.44,7.13,0.62,17.65,16.41,75.9,40.17,32.0,45.82,,251.63,22.556973,88.4940996,"2024-04-18 10:22:32.890127"
149,9.29,9.95,8.6,0.77,6.17,63.13,3.84,60.63,32.0,32.03,,252.17,22.556973,88.4940996,"2024-04-18 10:22:38.253807"
150,8.26,0.3,9.48,6.27,0.43,38.74,100.5,9.55,32.0,46.83,,252.88,22.556973,88.4940996,"2024-04-18 10:22:43.564664"
151,9.41,5.23,4.47,0.66,42.33,53.54,34.21,73.07,32.0,17.47,,252.46,22.556973,88.4940996,"2024-04-18 10:22:48.942700"
152,4.78,7.8,1.98,3.6,24.21,49.58,59.07,99.96,32.0,0.43,,252.77,22.556973,88.4940996,"2024-04-18 10:22:54.253574"
153,0.92,9.14,8.54,0.09,18.87,32.7,96.42,15.49,32.0,18.69,,251.82,22.556973,88.4940996,"2024-04-18 10:22:59.637694"
154,9.07,5.16,5.04,3.22,83.64,50.17,12.99,53.92,32.0,3.13,,251.78,22.556973,88.4940996,"2024-04-18 10:23:04.926148"
155,3.05,3.46,7.59,3.36,19.23,65.12,88.13,90.44,32.0,33.39,,252.09,22.556973,88.4940996,"2024-04-18 10:23:10.278374"
156,3.22,3.74,5.88,5.54,69.21,22.15,1.61,52.09,32.0,2.45,,252.23,22.556973,88.4940996,"2024-04-18 10:23:16.307704"
157,0.23,8.29,2.11,6.52,24.49,27.46,2.05,91.93,32.0,-11.47,,253.28,22.556973,88.4940996,"2024-04-18 10:23:21.524642"
158,6.26,1.5,5.18,0.03,88.26,44.47,72.23,17.31,32.0,46.93,,252.09,22.556973,88.4940996,"2024-04-18 10:23:26.771213"
159,4.68,8.09,3.63,1.41,50.75,28.64,102.24,58.95,32.0,44.57,,253.4,22.556973,88.4940996,"2024-04-18 10:23:32.031491"
160,6.43,0.8,6.48,4.94,8.63,28.08,23.43,83.73,32.0,-8.72,,252.16,22.556973,88.4940996,"2024-04-18 10:23:37.278801"
161,7.59,4.05,6.18,0.73,83.79,11.89,35.88,83.08,32.0,22.72,,252.64,22.556973,88.4940996,"2024-04-18 10:23:42.550322"
162,0.83,3.88,8.1,3.12,70.19,15.23,70.95,88.51,32.0,25.57,,251.59,22.556973,88.4940996,"2024-04-18 10:23:47.840307"
163,8.75,9.98,1.28,1.18,43.31,18.32,59.46,81.3,32.0,-0.27,,251.79,22.556973,88.4940996,"2024-04-18 10:23:53.139498"
164,5.84,0.42,7.41,5.37,26.65,57.7,110.05,28.12,32.0,5.15,,252.01,22.556973,88.4940996,"2024-04-18 10:23:58.343275"
165,1.79,6.46,4.16,2.77,45.76,57.52,11.5,32.58,32.0,-19.2,,252.83,22.556973,88.4940996,"2024-04-18 10:24:03.555198"
166,5.82,5.82,0.18,5.71,62.59,24.44,0.13,2.96,32.0,8.67,,252.79,22.556973,88.4940996,"2024-04-18 10:24:08.824999"
167,8.71,2.6,0.47,1.62,66.41,6.91,42.81,84.28,32.0,17.84,,251.58,22.556973,88.4940996,"2024-04-18 10:24:14.055473"
168,6.28,9.54,0.96,2.92,13.19,23.51,71.63,74.71,32.0,12.25,,253.45,22.556973,88.4940996,"2024-04-18 10:24:19.314272"
169,5.85,8.41,3.58,0.88,37.01,67.35,61.87,83.12,32.0,-7.66,,252.74,22.556973,88.4940996,"2024-04-18 10:24:24.532033"
170,5.14,1.94,7.56,6.48,54.49,53.63,9.99,32.61,32.0,13.42,,253.38,22.556973,88.4940996,"2024-04-18 10:24:29.741667"
171,4.78,3.34,2.15,1.76,31.76,13.31,45.87,68.84,32.0,19.45,,253.13,22.556973,88.4940996,"2024-04-18 10:24:34.965464"
172,6.87,1.02,0.14,1.57,54.43,60.95,13.4,41.88,32.0,-17.34,,252.91,22.556973,88.4940996,"2024-04-18 10:24:40.195768"
173,7.39,4.45,4.15,2.24,38.46,60.66,50.35,53.79,32.0,43.79,,252.01,22.556973,88.4940996,"2024-04-18 10:24:45.420148"
174,7.29,9.36,8.43,0.4,87.91,61.98,108.84,54.85,32.0,1.33,,252.67,22.556973,88.4940996,"2024-04-18 10:24:50.688336"
175,7.01,5.68,3.68,6.28,9.35,29.34,3.54,73.61,32.0,-2.98,,252.64,22.556973,88.4940996,"2024-04-18 10:24:55.902772"
176,2.83,2.33,1.04,6.3,37.54,12.37,104.8,23.87,32.0,25.98,,253.07,22.556973,88.4940996,"2024-04-18 10:25:01.174466"
177,1.23,8.96,5.07,2.0,70.43,58.45,10.24,86.28,32.0,37.11,,253.1,22.556973,88.4940996,"2024-04-18 10:25:06.435203"
178,7.45,7.15,7.52,6.08,13.6,66.32,78.5,30.87,32.0,18.19,,251.84,22.556973,88.4940996,"2024-04-18 10:25:11.634346"
179,6.5,3.28,9.85,2.53,64.0,49.57,8.52,4.0,32.0,-11.4,,253.16,22.556973,88.4940996,"2024-04-18 10:25:16.858637"
180,5.72,8.16,6.44,1.21,1.24,15.21,64.83,92.04,32.0,11.8,,252.77,22.556973,88.4940996,"2024-04-18 10:25:22.097040"
181,5.66,5.87,0.53,4.67,37.4,20.63,90.09,88.21,32.0,4.97,,251.64,22.556973,88.4940996,"2024-04-18 10:25:27.370976"
182,4.34,0.25,9.44,1.4,71.24,27.96,34.84,98.0,32.0,34.71,,252.41,22.556973,88.4940996,"2024-04-18 10:25:33.039951"
183,7.65,3.28,4.92,4.39,56.54,51.41,59.54,97.86,32.0,-17.47,,251.64,22.556973,88.4940996,"2024-04-18 10:25:38.317371"
184,9.25,9.44,8.14,1.99,25.3,23.27,92.07,57.3,32.0,22.17,,252.09,22.556973,88.4940996,"2024-04-18 10:25:43.560861"
185,1.35,0.02,2.48,1.23,71.79,45.96,4.27,39.1,32.0,-7.84,,251.93,22.556973,88.4940996,"2024-04-18 10:25:48.861269"
186,5.41,2.38,7.45,6.3,22.52,26.74,111.93,62.11,32.0,20.16,,253.21,22.556973,88.4940996,"2024-04-18 10:25:54.071917"
187,9.4,0.38,3.75,6.54,50.2,55.97,100.43,26.21,32.0,-12.96,,252.46,22.556973,88.4940996,"2024-04-18 10:25:59.350529"
188,1.97,0.36,3.68,3.01,37.37,32.99,83.41,62.59,32.0,46.39,,252.33,22.556973,88.4940996,"2024-04-18 10:26:04.641417"
189,0.49,5.78,9.64,4.32,14.43,43.64,115.51,77.71,32.0,-1.78,,252.61,22.556973,88.4940996,"2024-04-18 10:26:09.901285"
190,7.5,4.58,9.33,3.57,36.72,19.22,61.71,98.54,32.0,25.4,,252.64,22.556973,88.4940996,"2024-04-18 10:26:15.146042"
191,3.96,9.79,0.66,4.26,64.24,14.23,4.29,75.66,32.0,22.19,,252.47,22.556973,88.4940996,"2024-04-18 10:26:20.397368"
192,9.56,0.23,1.15,0.27,62.2,63.09,59.37,57.93,32.0,43.4,,252.11,22.556973,88.4940996,"2024-04-18 10:26:25.639095"
193,4.86,9.82,0.63,6.11,73.94,23.46,38.15,84.92,32.0,20.08,,251.59,22.556973,88.4940996,"2024-04-18 10:26:30.910869"
194,2.04,7.66,6.14,0.68,73.77,34.96,105.19,71.16,32.0,-10.03,,253.35,22.556973,88.4940996,"2024-04-18 10:26:36.097539"
195,8.6,5.36,2.01,5.58,38.85,8.18,67.7,53.9,32.0,35.25,,252.96,22.556973,88.4940996,"2024-04-18 10:26:41.336052"
196,6.18,9.82,5.48,5.26,68.75,7.53,63.33,60.97,32.0,20.22,,252.12,22.556973,88.4940996,"2024-04-18 10:26:46.620003"
197,2.5,8.33,8.46,1.34,10.1,47.39,108.29,91.98,32.0,-6.41,,251.71,22.556973,88.4940996,"2024-04-18 10:26:51.896483"
198,2.3,5.53,9.23,0.82,5.68,27.89,32.98,75.66,32.0,7.6,,251.62,22.556973,88.4940996,"2024-04-18 10:26:57.115884"
199,0.16,5.51,0.4,4.78,39.73,30.94,42.59,45.72,32.0,-1.55,,252.09,22.556973,88.4940996,"2024-04-18 10:27:02.379433"
200,8.63,9.95,8.23,6.93,46.88,26.27,97.08,80.94,32.0,39.71,,252.77,22.556973,88.4940996,"2024-04-18 10:27:07.616527"
201,8.07,9.98,1.64,2.69,20.06,22.84,48.58,62.72,32.0,45.06,,252.5,22.556973,88.4940996,"2024-04-18 10:27:12.849460"
202,4.29,6.17,8.31,3.8,69.53,57.97,9.75,71.7,32.0,16.65,,251.74,22.556973,88.4940996,"2024-04-18 10:27:18.077803"
203,7.1,2.16,4.4,0.37,48.77,64.84,79.29,8.56,32.0,34.25,,253.42,22.556973,88.4940996,"2024-04-18 10:27:23.334448"
204,4.96,8.13,4.26,2.01,19.48,65.46,26.29,65.09,32.0,49.97,,251.98,22.556973,88.4940996,"2024-04-18 10:27:28.598374"
205,9.39,1.32,3.98,5.15,22.32,3.58,106.77,49.61,32.0,21.83,,253.43,22.556973,88.4940996,"2024-04-18 10:27:33.835957"
206,5.72,4.84,2.2,3.73,58.55,23.46,69.96,76.56,32.0,7.56,,251.84,22.556973,88.4940996,"2024-04-18 10:27:39.096575"
207,7.25,9.42,5.08,5.4,37.76,43.17,43.88,14.4,32.0,-17.94,,253.33,22.556973,88.4940996,"2024-04-18 10:27:44.354319"
208,7.48,1.55,0.93,1.19,4.21,58.76,58.82,61.67,32.0,-5.4,,252.97,22.556973,88.4940996,"2024-04-18 10:27:49.604629"
209,7.21,8.21,5.79,4.94,75.94,12.33,91.57,60.02,32.0,24.58,,253.31,22.556973,88.4940996,"2024-04-18 10:27:54.808976"
210,9.07,4.63,9.98,0.71,60.88,25.21,87.39,97.54,32.0,10.51,,253.32,22.556973,88.4940996,"2024-04-18 10:28:00.101834"
211,7.99,7.76,0.65,2.8,65.92,60.58,74.03,76.54,32.0,45.49,,251.83,22.556973,88.4940996,"2024-04-18 10:28:05.328434"
212,5.46,5.38,9.28,6.1,60.89,50.07,85.41,58.31,32.0,46.83,,251.66,22.556973,88.4940996,"2024-04-18 10:28:08.828902"
213,3.53,4.49,8.23,6.36,61.32,54.58,83.59,58.49,32.0,48.24,,252.5,22.556973,88.4940996,"2024-04-18 10:28:14.100869"
214,4.23,4.51,9.3,6.45,55.26,54.74,85.08,60.41,32.0,48.52,,253.02,22.556973,88.4940996,"2024-04-18 10:28:19.375822"
215,5.43,4.64,8.85,6.6,56.76,52.47,87.42,60.02,32.0,48.41,,252.54,22.556973,88.4940996,"2024-04-18 10:28:24.630104"
216,4.86,4.72,8.26,6.07,56.05,53.8,80.72,60.27,32.0,47.07,,252.5,22.556973,88.4940996,"2024-04-18 10:28:29.827869"
217,4.28,5.2,9.64,6.58,61.92,54.41,82.68,61.56,32.0,46.44,,251.51,22.556973,88.4940996,"2024-04-18 10:28:35.121323"
218,4.5,5.41,9.64,6.31,59.45,54.5,83.85,62.26,32.0,47.21,,251.5,22.556973,88.4940996,"2024-04-18 10:28:40.403097"
219,5.13,4.92,8.69,6.02,62.66,54.32,82.12,60.73,32.0,46.92,,252.38,22.556973,88.4940996,"2024-04-18 10:28:45.739125"
220,4.47,4.68,9.31,6.49,54.37,53.48,87.0,59.1,32.0,47.26,,253.37,22.556973,88.4940996,"2024-04-18 10:28:50.995568"
221,4.87,4.09,9.4,6.41,63.59,53.54,84.04,59.36,32.0,47.31,,252.89,22.556973,88.4940996,"2024-04-18 10:28:56.241402"
222,4.5,5.2,8.57,6.54,65.6,57.77,81.33,59.14,32.0,46.56,,251.52,22.556973,88.4940996,"2024-04-18 10:29:01.419710"
223,4.45,4.58,9.72,5.7,61.09,53.29,80.76,58.6,32.0,49.18,,252.12,22.556973,88.4940996,"2024-04-18 10:29:06.664055"
224,5.06,4.75,9.63,5.52,61.98,51.07,85.93,61.3,32.0,47.29,,253.03,22.556973,88.4940996,"2024-04-18 10:29:11.887362"
225,3.33,4.3,8.92,6.25,56.77,50.92,86.93,58.26,32.0,49.93,,251.89,22.556973,88.4940996,"2024-04-18 10:29:17.167883"
226,4.55,4.74,8.2,5.94,65.83,50.94,81.25,60.27,32.0,49.5,,251.8,22.556973,88.4940996,"2024-04-18 10:29:22.461848"
227,3.65,4.0,9.51,5.7,55.68,51.8,80.1,58.61,32.0,46.56,,253.01,22.556973,88.4940996,"2024-04-18 10:29:27.770249"
228,4.02,4.27,9.11,6.24,64.99,50.8,84.71,61.41,32.0,48.47,,253.26,22.556973,88.4940996,"2024-04-18 10:29:33.054459"
229,3.83,5.15,9.22,6.05,63.75,56.41,87.16,59.77,32.0,46.64,,252.04,22.556973,88.4940996,"2024-04-18 10:29:38.314934"
230,4.71,4.37,8.4,6.0,63.22,51.3,85.72,61.56,32.0,48.16,,252.4,22.556973,88.4940996,"2024-04-18 10:29:43.576550"
231,4.83,4.85,9.4,5.74,60.7,52.52,84.93,61.85,32.0,49.21,,251.64,22.556973,88.4940996,"2024-04-18 10:29:48.812626"
232,3.51,5.41,9.55,6.25,57.15,54.51,83.51,61.84,32.0,47.64,,252.79,22.556973,88.4940996,"2024-04-18 10:29:54.039181"
233,3.94,4.5,9.72,6.14,60.68,55.01,87.47,59.36,32.0,49.43,,251.57,22.556973,88.4940996,"2024-04-18 10:29:59.393244"
234,3.26,4.17,9.35,6.14,63.04,52.76,82.99,60.66,32.0,49.18,,251.96,22.556973,88.4940996,"2024-04-18 10:30:04.612924"
235,5.23,4.88,9.37,6.11,57.61,51.18,80.77,61.72,32.0,48.32,,251.64,22.556973,88.4940996,"2024-04-18 10:30:09.872066"
236,3.21,4.23,8.65,5.85,63.83,54.75,84.03,59.82,32.0,49.11,,253.11,22.556973,88.4940996,"2024-04-18 11:38:53.111213"
237,4.16,4.11,9.7,5.96,61.15,51.93,87.91,62.03,32.0,47.98,,252.73,22.556973,88.4940996,"2024-04-18 11:38:58.307709"
238,3.2,4.14,9.32,5.83,57.92,57.72,82.95,59.2,32.0,49.67,,253.28,22.556973,88.4940996,"2024-04-18 11:39:03.517916"
239,4.18,5.11,8.24,6.0,61.64,53.0,82.6,60.06,32.0,46.28,,251.98,22.556973,88.4940996,"2024-04-18 11:39:08.749408"
240,3.9,4.62,9.41,5.62,58.37,51.52,80.7,61.21,32.0,47.21,,253.48,22.556973,88.4940996,"2024-04-18 11:39:14.024478"
241,3.38,4.39,9.57,6.32,55.31,54.59,85.54,61.24,32.0,49.28,,251.79,22.556973,88.4940996,"2024-04-18 11:39:19.253901"
242,4.87,5.18,9.32,6.34,57.06,53.79,83.57,61.5,32.0,47.05,,251.75,22.556973,88.4940996,"2024-04-18 11:39:24.440423"
243,3.45,4.83,8.78,6.28,61.48,52.95,82.71,62.23,32.0,47.96,,252.95,22.556973,88.4940996,"2024-04-18 11:39:29.679302"
244,4.12,4.25,8.24,5.54,61.63,56.55,84.28,60.16,32.0,48.19,,253.18,22.556973,88.4940996,"2024-04-18 11:39:34.965148"
245,3.24,4.17,9.49,5.94,65.98,54.29,86.3,60.23,32.0,46.76,,252.59,22.556973,88.4940996,"2024-04-18 11:39:40.155599"
246,4.96,5.41,9.02,5.86,59.46,50.54,80.01,61.99,32.0,46.5,,253.1,22.556973,88.4940996,"2024-04-18 11:39:45.428838"
247,4.98,4.16,8.51,6.22,65.27,53.1,86.61,62.01,32.0,49.37,,252.98,22.556973,88.4940996,"2024-04-18 11:39:50.645217"
248,4.33,4.78,9.0,5.78,63.9,55.02,81.26,60.43,32.0,47.72,,251.54,22.556973,88.4940996,"2024-04-18 11:39:55.835876"
249,4.3,4.84,8.87,6.17,65.45,56.42,80.26,58.23,32.0,46.25,,252.81,22.556973,88.4940996,"2024-04-18 11:40:01.055903"
250,4.73,5.07,9.03,6.47,57.61,52.63,84.98,60.69,32.0,48.82,,252.58,22.556973,88.4940996,"2024-04-18 11:40:06.302634"
251,3.36,4.47,9.39,5.92,60.93,54.59,80.05,61.78,32.0,49.94,,253.35,22.556973,88.4940996,"2024-04-18 11:40:11.530662"
252,4.13,4.25,9.04,5.56,58.75,51.82,83.86,59.57,32.0,49.26,,253.4,22.556973,88.4940996,"2024-04-18 11:40:16.828987"
253,4.34,4.66,9.0,5.66,58.04,51.11,82.49,60.29,32.0,48.14,,252.06,22.556973,88.4940996,"2024-04-18 11:40:22.100363"
254,4.92,5.21,9.56,6.05,58.32,53.52,85.75,61.22,32.0,49.58,,252.25,22.556973,88.4940996,"2024-04-18 11:40:27.303148"
255,3.85,5.12,9.06,5.55,60.21,52.79,86.71,60.09,32.0,47.96,,252.43,22.556973,88.4940996,"2024-04-18 11:40:32.522902"
256,4.84,4.24,9.73,6.34,63.43,52.31,85.82,58.84,32.0,48.42,,252.04,22.556973,88.4940996,"2024-04-18 11:40:37.800194"
257,3.6,4.07,9.77,6.0,56.46,55.73,81.47,60.28,32.0,48.75,,251.92,22.556973,88.4940996,"2024-04-18 11:40:43.031972"
258,5.2,4.48,9.35,5.87,59.58,52.99,84.85,60.36,32.0,49.11,,253.09,22.556973,88.4940996,"2024-04-18 11:40:48.414519"
259,3.86,5.01,9.59,5.65,59.3,51.91,84.54,60.17,32.0,49.37,,252.1,22.556973,88.4940996,"2024-04-18 11:40:53.690563"
260,3.27,4.34,8.84,6.54,56.91,53.3,87.71,62.01,32.0,46.39,,252.07,22.556973,88.4940996,"2024-04-18 11:40:58.937988"
261,5.34,5.46,8.73,5.57,64.96,57.93,82.3,59.65,32.0,49.59,,253.26,22.556973,88.4940996,"2024-04-18 11:41:04.218022"
262,4.45,5.43,8.71,5.56,65.89,53.94,84.45,59.48,32.0,49.6,,252.86,22.556973,88.4940996,"2024-04-18 11:41:09.472337"
263,4.36,4.49,9.29,6.12,63.11,50.02,82.07,59.21,32.0,47.52,,252.14,22.556973,88.4940996,"2024-04-18 11:41:14.668804"
264,4.51,5.11,8.93,5.66,56.1,56.3,80.13,58.4,32.0,47.95,,251.98,22.556973,88.4940996,"2024-04-18 11:41:19.936723"
265,4.22,4.19,9.1,5.84,64.84,50.36,81.61,61.94,32.0,47.55,,253.44,22.556973,88.4940996,"2024-04-18 11:41:25.226200"
266,5.16,5.4,9.57,6.34,54.81,54.87,83.88,59.24,32.0,48.3,,251.8,22.556973,88.4940996,"2024-04-18 11:41:30.464519"
267,3.42,5.15,8.53,5.61,59.56,57.22,81.87,61.36,32.0,47.95,,253.18,22.556973,88.4940996,"2024-04-18 11:41:35.668514"
268,3.81,4.42,9.37,6.12,63.58,50.33,81.76,58.41,32.0,49.95,,252.51,22.556973,88.4940996,"2024-04-18 11:41:40.851256"
269,4.12,5.09,9.39,5.86,55.05,56.43,86.83,60.83,32.0,49.68,,253.02,22.556973,88.4940996,"2024-04-18 11:41:46.048201"
270,3.46,4.11,9.09,6.53,64.48,54.47,81.62,59.89,32.0,48.72,,252.69,22.556973,88.4940996,"2024-04-18 11:41:51.281917"
271,3.96,5.44,8.93,5.67,60.85,52.85,86.72,58.74,32.0,46.97,,251.75,22.556973,88.4940996,"2024-04-18 11:41:56.521535"
272,5.27,4.56,8.45,5.77,60.66,55.06,82.86,59.3,32.0,49.8,,251.88,22.556973,88.4940996,"2024-04-18 11:42:01.779599"
273,3.73,5.35,9.35,6.46,61.16,51.48,86.7,59.57,32.0,47.71,,253.36,22.556973,88.4940996,"2024-04-18 11:42:07.015303"
274,3.84,5.38,9.29,6.55,56.82,56.74,86.63,61.09,32.0,46.97,,253.22,22.556973,88.4940996,"2024-04-18 11:42:12.218802"
275,3.94,4.45,8.75,5.6,56.62,52.27,81.43,60.92,32.0,47.71,,252.11,22.556973,88.4940996,"2024-04-18 11:42:17.423949"
276,4.14,4.11,8.97,6.48,55.91,57.61,87.39,60.7,32.0,47.97,,252.95,22.556973,88.4940996,"2024-04-18 11:42:22.611818"
277,4.61,4.38,9.12,6.27,57.7,53.63,83.04,60.9,32.0,48.85,,252.78,22.556973,88.4940996,"2024-04-18 11:42:27.821223"
278,4.01,5.05,9.1,6.05,61.17,54.42,85.21,60.49,32.0,48.35,,252.85,22.556973,88.4940996,"2024-04-18 11:42:33.045849"
279,5.28,4.95,8.67,6.34,56.45,57.71,84.55,60.94,32.0,49.82,,252.12,22.556973,88.4940996,"2024-04-18 11:42:38.264712"
280,4.58,5.07,8.85,6.04,64.63,52.01,81.34,61.77,32.0,49.91,,251.74,22.556973,88.4940996,"2024-04-18 11:42:43.538648"
281,4.32,5.18,9.31,5.85,54.99,52.97,86.27,60.04,32.0,48.58,,253.45,22.556973,88.4940996,"2024-04-18 11:42:48.756253"
282,5.45,4.59,9.72,6.02,63.76,51.1,84.03,60.97,32.0,46.28,,253.07,22.556973,88.4940996,"2024-04-18 11:42:53.994161"
283,5.48,4.26,9.27,6.31,65.65,54.7,80.99,62.08,32.0,49.02,,251.72,22.556973,88.4940996,"2024-04-18 11:42:59.249488"
284,3.37,5.43,8.55,5.68,56.8,51.98,80.89,60.81,32.0,49.69,,252.5,22.556973,88.4940996,"2024-04-18 11:43:04.448971"
285,4.54,4.88,8.36,5.51,62.2,53.1,80.55,60.59,32.0,49.58,,252.08,22.556973,88.4940996,"2024-04-18 11:43:09.639404"
286,4.95,5.08,8.65,6.24,63.77,51.29,82.2,58.93,32.0,46.78,,252.3,22.556973,88.4940996,"2024-04-18 11:43:14.854325"
287,3.76,4.48,8.61,6.32,58.79,54.79,85.66,59.83,32.0,46.98,,251.65,22.556973,88.4940996,"2024-04-18 11:43:20.074430"
288,4.66,4.16,8.21,5.66,59.77,57.08,80.81,62.11,32.0,49.42,,251.73,22.556973,88.4940996,"2024-04-18 11:43:25.348097"
289,3.31,4.84,9.6,6.41,55.26,57.85,85.21,60.59,32.0,49.87,,252.3,22.556973,88.4940996,"2024-04-18 11:43:30.548152"
290,4.79,4.96,8.82,5.94,59.94,55.17,85.56,58.77,32.0,49.94,,252.48,22.556973,88.4940996,"2024-04-18 11:43:35.755420"
291,5.12,4.56,8.9,5.97,59.29,50.45,83.73,60.3,32.0,49.68,,252.57,22.556973,88.4940996,"2024-04-18 11:43:40.981153"
292,3.54,4.11,8.34,5.92,63.06,56.23,85.16,60.97,32.0,49.47,,253.09,22.556973,88.4940996,"2024-04-18 11:43:46.201386"
293,4.17,5.14,9.15,5.79,61.14,55.19,88.0,60.87,32.0,49.83,,252.53,22.556973,88.4940996,"2024-04-18 11:43:51.455164"
294,5.22,5.3,8.26,6.49,59.07,51.06,83.31,58.29,32.0,48.34,,253.5,22.556973,88.4940996,"2024-04-18 11:43:56.662572"
295,3.86,5.19,9.48,5.98,65.92,50.01,86.04,62.11,32.0,48.7,,253.31,22.556973,88.4940996,"2024-04-18 11:44:01.901206"
296,3.57,4.25,8.49,6.32,58.08,54.65,87.35,60.94,32.0,47.83,,252.78,22.556973,88.4940996,"2024-04-18 11:44:07.157893"
297,4.88,4.8,9.33,5.53,54.2,55.41,87.33,59.51,32.0,49.78,,253.38,22.556973,88.4940996,"2024-04-18 11:44:12.358820"
298,4.48,4.79,8.97,6.4,60.84,54.79,84.63,58.93,32.0,49.8,,252.51,22.556973,88.4940996,"2024-04-18 11:44:17.561206"
299,3.35,5.47,9.35,6.59,59.1,51.38,81.85,59.0,32.0,49.49,,253.33,22.556973,88.4940996,"2024-04-18 11:44:22.767205"
300,3.84,4.67,8.94,5.56,60.55,53.18,85.97,59.93,32.0,49.99,,252.29,22.556973,88.4940996,"2024-04-18 11:44:27.974602"
301,3.62,4.27,9.78,6.38,56.45,54.25,81.87,61.51,32.0,49.6,,251.97,22.556973,88.4940996,"2024-04-18 11:44:33.196606"
302,4.13,5.13,8.36,5.52,55.66,51.77,81.8,60.14,32.0,47.36,,251.77,22.556973,88.4940996,"2024-04-18 11:44:38.439434"
303,4.46,5.08,9.56,5.79,55.12,51.79,80.26,59.07,32.0,49.58,,251.56,22.556973,88.4940996,"2024-04-18 11:44:43.690260"
304,5.42,4.91,8.94,6.21,59.33,56.9,82.06,58.33,32.0,48.02,,252.73,22.556973,88.4940996,"2024-04-18 11:44:48.908628"
305,4.56,4.41,9.32,5.99,62.4,55.11,85.4,60.36,32.0,49.27,,251.78,22.556973,88.4940996,"2024-04-18 11:44:54.116459"
306,3.29,5.05,9.01,6.41,62.02,55.47,82.25,59.89,32.0,49.4,,253.46,22.556973,88.4940996,"2024-04-18 11:44:59.312834"
307,3.99,4.58,8.92,5.78,65.06,52.49,80.42,62.24,32.0,49.7,,252.17,22.556973,88.4940996,"2024-04-18 11:45:04.499754"
308,5.13,5.41,9.14,6.22,56.89,51.25,84.32,61.43,32.0,46.37,,252.59,22.556973,88.4940996,"2024-04-18 11:45:09.699070"
309,3.7,5.12,9.56,6.03,58.11,50.75,85.56,59.44,32.0,46.26,,253.03,22.556973,88.4940996,"2024-04-18 11:45:14.927456"
310,3.42,4.19,9.23,5.54,58.93,57.39,84.57,60.79,32.0,47.0,,252.4,22.556973,88.4940996,"2024-04-18 11:45:20.129125"
311,4.66,4.49,9.1,5.64,55.05,56.99,83.82,59.71,32.0,48.91,,253.12,22.556973,88.4940996,"2024-04-18 11:45:25.409063"
312,4.42,5.15,9.36,5.87,64.87,52.97,81.03,61.32,32.0,47.55,,252.44,22.556973,88.4940996,"2024-04-18 11:45:30.591966"
313,4.9,5.16,9.36,5.88,59.17,55.55,81.98,58.63,32.0,47.1,,252.65,22.556973,88.4940996,"2024-04-18 11:45:35.834692"
314,5.19,5.03,8.52,5.76,64.43,52.59,83.46,60.92,32.0,47.26,,252.13,22.556973,88.4940996,"2024-04-18 11:45:41.101515"
315,3.45,4.81,8.96,6.31,55.82,54.47,84.67,61.36,32.0,48.23,,251.83,22.556973,88.4940996,"2024-04-18 11:45:46.334661"
316,3.44,4.25,8.34,6.18,60.06,55.19,80.1,59.5,32.0,49.0,,252.92,22.556973,88.4940996,"2024-04-18 11:45:51.574918"
317,4.23,4.22,8.95,6.42,60.48,56.09,80.86,61.93,32.0,47.44,,253.37,22.556973,88.4940996,"2024-04-18 11:45:56.769628"
318,4.39,4.24,8.27,6.05,62.56,50.61,83.62,59.84,32.0,48.89,,253.32,22.556973,88.4940996,"2024-04-18 11:46:01.964917"
319,4.33,4.72,8.48,6.3,61.17,56.19,87.94,59.17,32.0,47.6,,253.38,22.556973,88.4940996,"2024-04-18 11:46:07.221641"
320,5.05,4.13,9.68,6.42,65.62,55.85,85.85,60.95,32.0,49.22,,252.72,22.556973,88.4940996,"2024-04-18 11:46:12.458334"
321,4.4,5.19,9.55,5.8,65.38,53.48,83.24,58.79,32.0,47.63,,252.74,22.556973,88.4940996,"2024-04-18 11:46:17.700177"
322,3.59,5.1,9.75,5.58,57.65,52.1,81.42,61.5,32.0,48.16,,252.75,22.556973,88.4940996,"2024-04-18 11:46:22.947884"
323,5.34,5.25,8.34,5.51,54.9,54.36,87.41,58.74,32.0,46.83,,252.47,22.556973,88.4940996,"2024-04-18 11:46:28.139947"
324,5.49,5.48,8.34,5.92,61.09,54.36,86.36,61.07,32.0,49.57,,251.76,22.556973,88.4940996,"2024-04-18 11:46:33.394446"
325,4.89,4.83,8.79,6.25,56.45,57.66,82.24,61.78,32.0,46.49,,252.2,22.556973,88.4940996,"2024-04-18 11:46:38.616142"
326,4.31,4.77,9.27,6.56,57.98,52.89,80.84,61.18,32.0,48.28,,252.34,22.556973,88.4940996,"2024-04-18 11:46:43.835356"
327,5.13,4.08,8.9,5.61,54.9,55.51,87.67,59.53,32.0,48.62,,251.56,22.556973,88.4940996,"2024-04-18 11:46:49.030630"
328,4.62,5.16,8.78,6.19,64.11,50.02,83.78,62.14,32.0,47.18,,252.78,22.556973,88.4940996,"2024-04-18 11:46:54.245944"
329,5.38,5.11,8.91,6.45,56.79,52.41,86.67,61.8,32.0,49.48,,252.98,22.556973,88.4940996,"2024-04-18 11:46:59.437842"
330,4.77,5.36,8.24,6.43,63.94,54.77,82.85,59.19,32.0,46.71,,253.03,22.556973,88.4940996,"2024-04-18 11:47:04.635143"
331,4.3,5.08,9.45,6.04,60.29,50.55,80.67,60.14,32.0,48.68,,253.05,22.556973,88.4940996,"2024-04-18 11:47:09.846538"
332,5.15,5.39,8.22,6.41,65.07,52.05,80.99,59.2,32.0,46.52,,253.34,22.556973,88.4940996,"2024-04-18 11:47:15.064133"
333,5.46,5.33,8.24,6.04,58.47,52.3,83.87,60.41,32.0,47.68,,252.65,22.556973,88.4940996,"2024-04-18 11:47:20.269790"
334,4.67,4.1,8.56,5.67,54.45,50.77,85.63,60.46,32.0,46.59,,253.4,22.556973,88.4940996,"2024-04-18 11:47:25.445846"
335,5.3,4.1,8.99,6.05,62.78,57.29,81.78,58.89,32.0,48.37,,252.84,22.556973,88.4940996,"2024-04-18 11:47:30.677006"
336,4.78,5.32,8.64,6.23,55.25,53.96,84.43,59.98,32.0,49.05,,252.39,22.556973,88.4940996,"2024-04-18 11:47:35.883305"
337,4.02,4.11,9.38,6.52,65.26,51.26,80.01,60.62,32.0,47.24,,253.26,22.556973,88.4940996,"2024-04-18 11:47:41.093232"
338,4.47,4.35,8.61,5.97,60.22,50.5,86.47,58.3,32.0,46.7,,252.46,22.556973,88.4940996,"2024-04-18 11:47:46.298353"
339,4.22,4.05,9.19,5.93,65.32,51.21,87.11,58.63,32.0,47.31,,253.32,22.556973,88.4940996,"2024-04-18 11:47:51.509509"
340,4.52,4.88,9.62,5.94,54.42,51.25,82.01,59.27,32.0,47.15,,252.37,22.556973,88.4940996,"2024-04-18 11:47:56.698350"
341,4.7,4.8,8.97,6.58,58.78,52.89,83.01,61.94,32.0,46.57,,253.37,22.556973,88.4940996,"2024-04-18 11:48:01.904487"
342,4.52,5.32,9.74,5.56,64.48,55.29,80.98,61.19,32.0,46.4,,252.69,22.556973,88.4940996,"2024-04-18 11:48:07.106055"
343,4.87,4.51,8.67,6.35,61.2,57.95,87.04,59.61,32.0,46.82,,252.87,22.556973,88.4940996,"2024-04-18 11:48:12.328591"
344,3.49,5.15,8.84,6.32,63.28,55.78,85.89,59.79,32.0,48.43,,252.77,22.556973,88.4940996,"2024-04-18 11:48:17.590939"
345,3.67,5.05,9.18,5.85,54.06,51.62,83.19,58.2,32.0,49.0,,251.94,22.556973,88.4940996,"2024-04-18 11:48:22.784299"
346,4.79,5.37,9.5,5.56,62.51,56.15,80.38,61.98,32.0,49.2,,251.51,22.556973,88.4940996,"2024-04-18 11:48:28.069583"
347,4.54,4.04,8.67,5.78,55.62,50.44,86.16,62.14,32.0,47.72,,252.37,22.556973,88.4940996,"2024-04-18 11:48:33.270442"
348,4.69,4.16,9.4,6.6,56.36,56.77,83.47,59.94,32.0,47.78,,252.19,22.556973,88.4940996,"2024-04-18 11:48:38.494466"
349,4.21,4.66,8.34,5.86,62.21,56.39,85.56,59.82,32.0,47.46,,252.84,22.556973,88.4940996,"2024-04-18 11:48:43.682625"
350,3.61,4.3,8.37,5.6,61.89,52.77,81.35,59.17,32.0,46.4,,252.95,22.556973,88.4940996,"2024-04-18 11:48:48.879612"
351,4.68,5.34,9.14,5.58,64.76,50.48,82.78,59.76,32.0,46.6,,251.83,22.556973,88.4940996,"2024-04-18 11:48:54.063548"
352,5.12,4.75,9.41,6.19,56.9,50.78,87.0,59.8,32.0,49.48,,253.24,22.556973,88.4940996,"2024-04-18 11:48:59.295375"
353,4.01,4.74,8.91,5.58,58.49,52.48,82.06,58.92,32.0,47.23,,253.44,22.556973,88.4940996,"2024-04-18 11:49:04.493047"
354,4.51,5.25,9.4,5.59,61.21,54.29,85.71,59.55,32.0,48.32,,253.02,22.556973,88.4940996,"2024-04-18 11:49:09.683628"
355,3.35,4.51,9.31,6.23,60.4,55.09,87.61,60.89,32.0,49.66,,252.93,22.556973,88.4940996,"2024-04-18 11:49:14.886169"
356,4.43,4.1,8.38,6.54,63.73,57.16,83.19,60.06,32.0,48.36,,252.42,22.556973,88.4940996,"2024-04-18 11:49:20.091025"
357,4.82,4.43,9.62,5.76,65.59,50.29,86.99,58.84,32.0,48.91,,253.48,22.556973,88.4940996,"2024-04-18 11:49:25.342945"
358,3.36,5.27,8.57,6.27,55.27,50.14,87.72,61.94,32.0,46.54,,253.1,22.556973,88.4940996,"2024-04-18 11:49:30.543697"
359,3.68,4.62,9.29,6.17,55.85,53.72,84.79,59.51,32.0,47.36,,252.25,22.556973,88.4940996,"2024-04-18 11:49:35.738910"
360,4.33,5.27,8.34,6.43,65.53,54.18,85.07,60.47,32.0,47.57,,252.14,22.556973,88.4940996,"2024-04-18 11:49:40.953428"
361,4.43,5.47,8.3,6.02,56.02,53.44,80.73,58.4,32.0,46.49,,252.38,22.556973,88.4940996,"2024-04-18 11:49:46.141491"
362,3.25,5.32,8.5,5.59,58.07,55.65,85.51,60.09,32.0,47.82,,252.36,22.556973,88.4940996,"2024-04-18 11:49:51.333329"
363,5.14,5.44,9.67,5.78,58.18,53.74,84.07,60.04,32.0,46.62,,253.11,22.556973,88.4940996,"2024-04-18 11:49:56.541205"
364,4.62,4.56,8.4,5.93,61.94,51.91,86.42,60.35,32.0,48.26,,252.14,22.556973,88.4940996,"2024-04-18 11:50:01.760727"
365,3.44,5.02,8.88,5.64,63.41,55.91,82.68,59.05,32.0,47.31,,253.45,22.556973,88.4940996,"2024-04-18 11:50:06.974167"
366,4.67,4.35,9.2,5.93,60.91,51.55,87.86,61.25,32.0,49.65,,252.4,22.556973,88.4940996,"2024-04-18 11:50:12.196267"
367,5.45,4.49,9.48,5.67,54.85,52.06,82.13,61.73,32.0,48.49,,251.99,22.556973,88.4940996,"2024-04-18 11:50:17.436933"
368,3.85,4.69,9.45,6.27,65.43,50.22,86.46,62.13,32.0,49.4,,252.04,22.556973,88.4940996,"2024-04-18 11:50:22.660393"
369,4.99,5.08,9.45,6.16,59.75,54.1,84.89,61.9,32.0,48.16,,253.07,22.556973,88.4940996,"2024-04-18 11:50:27.914704"
370,3.91,4.73,9.64,5.71,54.75,50.45,87.42,58.47,32.0,48.82,,253.14,22.556973,88.4940996,"2024-04-18 11:50:33.157261"
371,4.03,5.15,9.37,6.24,64.64,51.4,80.89,61.22,32.0,49.79,,252.0,22.556973,88.4940996,"2024-04-18 11:50:38.395704"
372,3.22,4.48,8.73,6.08,64.51,56.33,80.79,59.3,32.0,47.94,,252.13,22.556973,88.4940996,"2024-04-18 11:50:43.621858"
373,3.57,4.95,9.58,6.55,63.37,52.2,87.44,58.82,32.0,48.76,,253.4,22.556973,88.4940996,"2024-04-18 11:50:48.850108"
374,5.22,4.48,9.66,5.77,58.32,52.29,83.89,61.86,32.0,48.09,,253.22,22.556973,88.4940996,"2024-04-18 11:50:54.058531"
375,4.32,4.53,8.72,6.03,61.82,56.98,83.28,59.62,32.0,46.75,,252.97,22.556973,88.4940996,"2024-04-18 11:50:59.295394"
376,5.47,5.11,8.84,5.64,63.04,57.35,86.04,61.09,32.0,47.16,,253.27,22.556973,88.4940996,"2024-04-18 11:51:04.493833"
377,4.85,5.26,8.37,5.93,61.24,56.45,82.84,60.35,32.0,47.98,,251.62,22.556973,88.4940996,"2024-04-18 11:51:09.680111"
378,3.27,5.02,9.5,5.5,62.02,50.96,83.98,60.03,32.0,48.97,,252.94,22.556973,88.4940996,"2024-04-18 11:51:14.892766"
379,3.43,4.86,8.35,6.04,61.71,56.04,85.3,62.13,32.0,48.36,,253.07,22.556973,88.4940996,"2024-04-18 11:51:20.089743"
380,5.31,5.05,8.71,6.58,62.66,52.44,83.15,61.17,32.0,49.35,,252.64,22.556973,88.4940996,"2024-04-18 11:51:25.321777"
381,5.11,4.64,8.58,5.69,61.42,55.22,82.91,60.6,32.0,46.24,,251.69,22.556973,88.4940996,"2024-04-18 11:51:30.657227"
382,4.29,5.41,8.55,6.14,56.31,54.94,81.91,59.01,32.0,46.39,,253.47,22.556973,88.4940996,"2024-04-18 11:51:35.884793"
383,4.43,4.74,8.72,6.05,54.34,51.22,80.91,60.95,32.0,47.96,,253.03,22.556973,88.4940996,"2024-04-18 11:51:41.129224"
384,5.33,5.07,9.74,6.28,59.04,57.37,86.09,59.47,32.0,46.52,,252.48,22.556973,88.4940996,"2024-04-18 11:51:46.359427"
385,5.26,4.75,9.66,6.57,54.19,51.4,81.73,59.39,32.0,46.2,,253.22,22.556973,88.4940996,"2024-04-18 11:51:51.550264"
386,4.68,4.98,8.36,6.47,65.37,51.9,86.3,59.14,32.0,47.21,,252.56,22.556973,88.4940996,"2024-04-18 11:51:56.790828"
387,4.39,4.92,9.64,5.6,62.82,56.57,87.66,60.12,32.0,46.27,,252.84,22.556973,88.4940996,"2024-04-18 11:52:02.053964"
388,3.34,4.78,8.5,6.31,65.73,54.37,83.02,60.69,32.0,47.37,,252.54,22.556973,88.4940996,"2024-04-18 11:52:07.244225"
389,4.14,4.42,8.36,5.91,60.99,56.92,83.76,61.04,32.0,48.01,,252.41,22.556973,88.4940996,"2024-04-18 11:52:12.474218"
390,5.44,5.49,9.65,6.49,56.41,56.44,82.19,58.34,32.0,46.63,,252.37,22.556973,88.4940996,"2024-04-18 11:52:17.735171"
391,3.48,4.41,9.17,6.41,60.34,54.92,86.77,61.0,32.0,47.96,,252.67,22.556973,88.4940996,"2024-04-18 11:52:23.028521"
392,5.45,4.14,8.7,5.59,55.42,52.3,82.31,62.12,32.0,48.39,,252.74,22.556973,88.4940996,"2024-04-18 11:52:28.280270"
393,4.41,4.59,8.3,5.95,59.24,50.56,84.77,61.95,32.0,49.99,,251.92,22.556973,88.4940996,"2024-04-18 11:52:33.494999"
394,4.45,4.98,8.22,6.46,59.85,54.45,82.89,61.05,32.0,46.28,,252.78,22.556973,88.4940996,"2024-04-18 11:52:38.688974"
395,4.17,4.08,9.02,5.7,64.87,55.96,80.36,61.54,32.0,49.26,,252.97,22.556973,88.4940996,"2024-04-18 11:52:43.883517"
396,4.09,4.58,9.44,5.91,62.66,51.38,84.79,62.24,32.0,49.64,,252.24,22.556973,88.4940996,"2024-04-18 11:52:49.095410"
397,5.35,4.99,8.71,6.28,55.48,55.22,83.22,60.65,32.0,46.72,,252.51,22.556973,88.4940996,"2024-04-18 11:52:54.308322"
398,5.15,4.26,8.8,6.21,61.47,51.23,80.18,60.79,32.0,47.45,,252.56,22.556973,88.4940996,"2024-04-18 11:52:59.523578"
399,5.06,4.96,9.33,6.42,59.38,56.89,87.04,61.09,32.0,49.37,,252.8,22.556973,88.4940996,"2024-04-18 11:53:04.720450"
400,5.07,4.49,8.64,5.99,64.22,55.91,87.4,58.75,32.0,47.68,,252.43,22.556973,88.4940996,"2024-04-18 11:53:09.908851"
401,5.47,4.51,8.58,5.96,57.59,50.85,84.89,60.54,32.0,47.86,,253.1,22.556973,88.4940996,"2024-04-18 11:53:15.107845"
402,4.57,5.16,9.36,6.04,64.42,55.49,83.38,58.63,32.0,46.92,,252.82,22.556973,88.4940996,"2024-04-18 11:53:20.318093"
403,3.51,5.5,9.72,5.56,54.05,50.65,82.58,60.58,32.0,47.53,,253.14,22.556973,88.4940996,"2024-04-18 11:53:25.510510"
404,5.1,4.4,8.27,6.18,61.75,55.01,84.14,59.44,32.0,48.49,,253.42,22.556973,88.4940996,"2024-04-18 11:53:30.710110"
405,4.55,5.47,9.56,5.75,61.75,56.79,82.87,61.56,32.0,47.72,,253.36,22.556973,88.4940996,"2024-04-18 11:53:35.906504"
406,3.41,5.27,8.41,5.62,64.07,53.38,80.46,58.94,32.0,47.77,,252.36,22.556973,88.4940996,"2024-04-18 11:53:41.163893"
407,5.23,4.67,8.23,5.91,57.14,55.54,86.51,61.2,32.0,48.65,,252.85,22.556973,88.4940996,"2024-04-18 11:53:46.418944"
408,4.37,5.4,8.66,6.43,56.11,53.21,84.09,61.32,32.0,48.48,,252.2,22.556973,88.4940996,"2024-04-18 11:53:51.843831"
409,5.29,4.81,9.42,5.9,59.03,55.79,85.36,61.8,32.0,48.37,,251.72,22.556973,88.4940996,"2024-04-18 11:53:57.168864"
410,4.94,5.32,9.32,5.83,56.93,53.81,81.89,62.25,32.0,48.48,,252.64,22.556973,88.4940996,"2024-04-18 11:54:02.468212"
411,4.1,5.05,9.78,5.88,60.72,55.6,83.24,58.99,32.0,46.28,,252.35,22.556973,88.4940996,"2024-04-18 11:54:07.721606"
412,4.17,4.62,9.07,6.0,55.42,55.01,80.68,60.19,32.0,49.78,,252.74,22.556973,88.4940996,"2024-04-18 11:54:13.138445"
413,3.35,4.05,9.79,5.91,55.98,54.65,87.67,59.4,32.0,49.42,,252.04,22.556973,88.4940996,"2024-04-18 11:54:18.489411"
414,4.64,5.28,8.79,6.51,63.96,55.33,81.31,61.43,32.0,49.03,,251.64,22.556973,88.4940996,"2024-04-18 11:54:23.888100"
415,4.34,4.8,8.79,5.99,56.17,54.83,82.88,62.06,32.0,48.47,,251.92,22.556973,88.4940996,"2024-04-18 11:54:29.217390"
416,5.38,4.8,9.03,6.01,61.38,54.31,82.96,61.73,32.0,47.1,,253.42,22.556973,88.4940996,"2024-04-18 11:54:34.645568"
417,3.75,4.92,9.38,6.55,65.47,50.51,86.03,60.39,32.0,46.72,,251.85,22.556973,88.4940996,"2024-04-18 11:54:39.912123"
418,4.18,4.3,9.15,5.9,64.98,51.79,83.43,61.81,32.0,48.17,,252.47,22.556973,88.4940996,"2024-04-18 11:54:45.203313"
419,3.59,4.96,8.27,6.03,65.24,51.32,87.99,60.88,32.0,48.85,,253.28,22.556973,88.4940996,"2024-04-18 11:54:50.647478"
420,4.36,4.99,8.53,6.17,59.77,52.38,87.79,60.36,32.0,48.87,,252.38,22.556973,88.4940996,"2024-04-18 11:54:55.935436"
421,3.33,4.29,9.58,6.17,59.73,57.58,81.07,58.32,32.0,48.84,,252.66,22.556973,88.4940996,"2024-04-18 11:55:01.393328"
422,3.55,5.37,9.71,6.1,62.32,54.49,87.54,61.35,32.0,49.73,,252.89,22.556973,88.4940996,"2024-04-18 11:55:06.808909"
423,4.08,4.48,8.6,6.03,65.42,55.8,80.78,58.82,32.0,48.86,,251.64,22.556973,88.4940996,"2024-04-18 11:55:12.114704"
424,3.88,4.74,8.7,5.78,56.24,55.89,83.9,59.52,32.0,49.53,,253.26,22.556973,88.4940996,"2024-04-18 11:55:17.328530"
425,4.32,4.64,9.77,6.09,54.84,51.61,84.86,58.4,32.0,49.53,,251.88,22.556973,88.4940996,"2024-04-18 11:55:22.534081"
426,5.34,5.26,9.15,5.79,58.69,55.67,82.63,60.2,32.0,48.67,,252.73,22.556973,88.4940996,"2024-04-18 11:55:27.822750"
427,3.93,4.7,8.33,5.73,62.33,57.95,80.88,62.0,32.0,49.57,,251.52,22.556973,88.4940996,"2024-04-18 11:55:33.121584"
428,5.5,4.78,9.52,5.72,63.94,52.81,80.3,58.21,32.0,49.66,,252.51,22.556973,88.4940996,"2024-04-18 11:55:38.411890"
429,3.3,4.9,9.78,5.94,55.35,50.62,85.68,59.62,32.0,47.83,,253.45,22.556973,88.4940996,"2024-04-18 11:55:43.671857"
430,3.47,4.02,8.9,6.57,60.95,53.81,83.2,58.26,32.0,48.31,,251.97,22.556973,88.4940996,"2024-04-18 11:55:49.019151"
431,3.66,5.37,8.58,6.13,57.85,52.07,81.26,58.61,32.0,49.85,,251.66,22.556973,88.4940996,"2024-04-18 11:55:54.451262"
432,3.68,4.14,8.23,5.89,58.83,57.33,84.4,60.67,32.0,47.77,,252.34,22.556973,88.4940996,"2024-04-18 11:55:59.874441"
433,4.66,4.74,8.45,6.04,57.17,57.64,86.46,58.93,32.0,46.47,,252.71,22.556973,88.4940996,"2024-04-18 11:56:05.308876"
434,4.58,4.71,9.24,6.17,60.89,54.8,86.4,58.61,32.0,48.07,,253.38,22.556973,88.4940996,"2024-04-18 11:56:10.574313"
435,3.38,4.46,8.9,5.92,56.44,56.64,80.88,58.89,32.0,47.07,,252.73,22.556973,88.4940996,"2024-04-18 11:56:15.938934"
436,4.99,4.15,9.32,6.45,61.53,54.35,85.35,59.27,32.0,46.81,,252.64,22.556973,88.4940996,"2024-04-18 11:56:21.350222"
437,4.1,5.48,9.2,6.48,59.99,56.4,81.55,58.98,32.0,46.36,,251.88,22.556973,88.4940996,"2024-04-18 11:56:26.679028"
438,5.06,4.75,9.18,6.24,57.97,54.31,86.48,58.33,32.0,49.74,,252.5,22.556973,88.4940996,"2024-04-18 11:56:31.976607"
439,5.33,4.04,8.82,5.85,55.74,53.05,80.74,60.59,32.0,47.01,,252.55,22.556973,88.4940996,"2024-04-18 11:56:37.198259"
440,5.01,4.34,9.64,6.56,58.56,51.18,85.54,58.77,32.0,47.09,,251.53,22.556973,88.4940996,"2024-04-18 11:56:42.545693"
441,4.67,4.55,9.75,6.44,54.82,50.99,83.41,58.46,32.0,46.35,,252.57,22.556973,88.4940996,"2024-04-18 11:56:47.900531"
442,5.34,4.05,9.14,5.78,65.67,52.45,87.17,59.14,32.0,47.04,,251.63,22.556973,88.4940996,"2024-04-18 11:56:53.187377"
443,4.98,5.19,9.1,6.55,61.76,50.46,81.08,58.46,32.0,47.24,,252.58,22.556973,88.4940996,"2024-04-18 11:56:58.629373"
444,4.53,4.36,8.26,6.5,57.83,56.04,87.11,61.17,32.0,46.95,,252.6,22.556973,88.4940996,"2024-04-18 11:57:03.916666"
445,5.43,4.18,8.54,5.59,57.09,50.17,80.01,59.53,32.0,47.32,,252.07,22.556973,88.4940996,"2024-04-18 11:57:09.130663"
446,3.62,4.21,8.81,5.69,64.17,53.03,83.67,61.35,32.0,48.39,,253.17,22.556973,88.4940996,"2024-04-18 11:57:14.334925"
447,3.81,4.44,9.25,5.59,63.42,55.69,83.96,59.62,32.0,47.46,,252.89,22.556973,88.4940996,"2024-04-18 11:57:19.544815"
448,5.0,4.36,9.44,6.4,54.01,56.99,85.9,60.95,32.0,46.88,,251.8,22.556973,88.4940996,"2024-04-18 11:57:24.828881"
449,4.84,4.69,8.73,5.73,61.3,56.52,87.89,58.35,32.0,46.57,,253.02,22.556973,88.4940996,"2024-04-18 11:57:30.160520"
450,3.42,4.89,9.59,5.51,54.7,50.26,85.88,61.17,32.0,47.9,,252.08,22.556973,88.4940996,"2024-04-18 11:57:35.486633"
451,5.47,4.39,9.42,6.5,60.79,56.37,81.16,61.41,32.0,47.19,,252.51,22.556973,88.4940996,"2024-04-18 11:57:40.683602"
452,5.27,5.47,9.4,6.04,62.73,53.66,80.21,62.2,32.0,46.44,,252.05,22.556973,88.4940996,"2024-04-18 11:57:45.940044"
453,3.5,5.31,8.29,5.74,63.67,54.78,84.28,59.68,32.0,47.59,,253.35,22.556973,88.4940996,"2024-04-18 11:57:51.385634"
454,3.45,4.17,9.24,5.8,57.89,57.71,82.44,62.01,32.0,49.84,,252.27,22.556973,88.4940996,"2024-04-18 11:57:56.662305"
455,3.32,5.15,8.27,6.03,60.85,57.71,87.06,58.54,32.0,47.19,,252.65,22.556973,88.4940996,"2024-04-18 11:58:02.893937"
456,3.3,4.27,8.56,6.06,56.02,55.12,81.75,61.65,32.0,48.45,,253.1,22.556973,88.4940996,"2024-04-18 11:58:08.112246"
457,3.37,4.85,8.49,5.86,58.67,52.78,80.87,60.58,32.0,47.41,,252.21,22.556973,88.4940996,"2024-04-18 11:58:13.513632"
458,4.34,4.39,9.0,5.85,55.06,55.47,86.99,58.46,32.0,48.57,,252.37,22.556973,88.4940996,"2024-04-18 11:58:18.799920"
459,5.12,4.71,9.47,6.19,64.23,55.86,87.62,59.16,32.0,47.77,,252.8,22.556973,88.4940996,"2024-04-18 11:58:23.992772"
460,3.59,4.68,9.63,6.25,61.11,54.38,84.25,60.43,32.0,46.22,,252.37,22.556973,88.4940996,"2024-04-18 11:58:29.286588"
461,4.74,4.28,8.5,6.33,56.69,56.66,80.82,59.24,32.0,47.42,,251.59,22.556973,88.4940996,"2024-04-18 11:58:34.485571"
462,3.71,5.48,8.92,6.34,54.62,56.84,82.92,62.28,32.0,48.29,,253.43,22.556973,88.4940996,"2024-04-18 11:58:39.896529"
463,4.88,4.75,8.76,5.62,60.73,54.68,87.82,61.22,32.0,49.91,,252.83,22.556973,88.4940996,"2024-04-18 11:58:45.222456"
464,5.25,5.33,9.07,6.44,58.59,56.02,81.55,61.34,32.0,48.79,,253.08,22.556973,88.4940996,"2024-04-18 11:58:50.646142"
465,4.24,5.0,8.76,5.7,57.35,53.61,84.31,60.49,32.0,48.54,,253.29,22.556973,88.4940996,"2024-04-18 11:58:56.082550"
466,3.35,4.55,9.69,5.6,65.66,51.49,81.15,58.42,32.0,46.57,,252.21,22.556973,88.4940996,"2024-04-18 11:59:01.377114"
467,3.25,4.6,8.41,6.28,58.39,57.17,86.26,58.62,32.0,46.38,,252.91,22.556973,88.4940996,"2024-04-18 11:59:06.731569"
468,3.82,5.19,8.65,6.4,55.73,50.81,85.2,58.66,32.0,48.92,,252.0,22.556973,88.4940996,"2024-04-18 11:59:12.238250"
469,3.78,4.73,9.26,6.58,55.04,56.01,81.64,58.38,32.0,49.44,,253.19,22.556973,88.4940996,"2024-04-18 11:59:17.544015"
470,5.44,4.31,8.34,5.53,60.95,57.45,83.23,60.88,32.0,48.13,,252.75,22.556973,88.4940996,"2024-04-18 11:59:22.781015"
471,4.37,4.65,9.49,5.6,61.39,51.44,81.58,60.23,32.0,47.66,,252.08,22.556973,88.4940996,"2024-04-18 11:59:28.028427"
472,4.27,5.36,8.65,5.63,59.1,52.03,84.38,62.08,32.0,49.49,,253.06,22.556973,88.4940996,"2024-04-18 11:59:33.251175"
473,4.98,5.23,9.78,5.62,61.82,54.4,80.8,61.09,32.0,48.93,,253.09,22.556973,88.4940996,"2024-04-18 11:59:38.678204"
474,3.51,4.4,8.35,6.25,62.72,55.82,86.59,58.46,32.0,47.53,,252.55,22.556973,88.4940996,"2024-04-18 11:59:43.989842"
475,3.3,4.86,8.23,6.17,59.47,51.33,84.8,60.94,32.0,47.25,,252.73,22.556973,88.4940996,"2024-04-18 11:59:49.350587"
476,4.7,4.71,9.09,6.59,58.59,52.68,87.89,61.25,32.0,48.13,,251.85,22.556973,88.4940996,"2024-04-18 11:59:54.756404"
477,4.48,5.27,8.72,6.48,57.55,56.26,87.25,61.04,32.0,49.12,,253.47,22.556973,88.4940996,"2024-04-18 12:00:00.112402"
478,3.41,5.36,9.1,6.02,54.28,51.94,80.97,58.99,32.0,49.57,,251.93,22.556973,88.4940996,"2024-04-18 12:00:05.500695"
479,4.21,4.06,8.64,6.1,56.73,51.38,86.7,59.3,32.0,48.32,,253.46,22.556973,88.4940996,"2024-04-18 12:00:10.852740"
480,5.17,4.26,9.07,5.99,57.12,51.99,84.05,59.81,32.0,47.94,,251.66,22.556973,88.4940996,"2024-04-18 12:00:16.153760"
481,4.94,5.19,9.69,6.27,62.35,51.98,84.89,58.38,32.0,46.39,,253.06,22.556973,88.4940996,"2024-04-18 12:00:21.368328"
482,4.38,4.5,8.28,6.53,54.78,50.37,86.41,61.55,32.0,47.59,,251.97,22.556973,88.4940996,"2024-04-18 12:00:26.694374"
483,3.55,5.1,8.86,6.11,57.47,54.44,82.65,60.1,32.0,47.94,,252.72,22.556973,88.4940996,"2024-04-18 12:00:32.010706"
484,5.19,4.22,8.53,6.32,60.78,53.56,85.3,58.54,32.0,49.04,,252.01,22.556973,88.4940996,"2024-04-18 12:00:37.387605"
485,4.66,5.27,9.74,5.51,58.64,54.65,85.22,59.74,32.0,48.62,,252.82,22.556973,88.4940996,"2024-04-18 12:00:42.812908"
486,4.24,4.49,9.15,5.51,64.51,53.53,87.3,61.43,32.0,48.08,,253.43,22.556973,88.4940996,"2024-04-18 12:00:48.205322"
487,4.89,5.15,9.22,6.17,62.55,52.76,84.47,60.11,32.0,48.59,,253.09,22.556973,88.4940996,"2024-04-18 12:00:53.394957"
488,4.28,4.46,9.13,5.69,54.06,56.21,83.88,61.42,32.0,47.44,,253.24,22.556973,88.4940996,"2024-04-18 12:00:59.072123"
489,3.41,5.36,9.05,5.53,54.84,56.53,85.44,61.32,32.0,48.02,,251.8,22.556973,88.4940996,"2024-04-18 12:01:04.266057"
490,4.51,5.38,9.21,6.46,63.77,54.3,87.15,60.84,32.0,48.13,,253.27,22.556973,88.4940996,"2024-04-18 12:01:09.474893"
491,5.01,4.86,9.7,6.56,65.65,55.96,81.88,60.3,32.0,48.32,,251.94,22.556973,88.4940996,"2024-04-18 12:01:14.667695"
492,5.43,5.43,8.48,6.38,58.79,52.83,84.52,58.46,32.0,47.19,,253.14,22.556973,88.4940996,"2024-04-18 12:01:19.880558"
493,3.22,4.05,8.78,6.55,61.12,50.08,81.81,59.93,32.0,46.46,,251.67,22.556973,88.4940996,"2024-04-18 12:01:25.208119"
494,3.59,5.15,9.55,6.25,57.19,54.06,84.08,59.66,32.0,48.42,,253.47,22.556973,88.4940996,"2024-04-18 12:01:30.618362"
495,4.35,5.18,8.91,5.67,65.12,50.08,82.81,59.39,32.0,49.0,,253.06,22.556973,88.4940996,"2024-04-18 12:01:35.919690"
496,4.04,4.75,9.35,5.8,65.25,50.62,85.5,61.48,32.0,47.32,,252.05,22.556973,88.4940996,"2024-04-18 12:01:41.252996"
497,3.22,4.6,8.89,6.56,58.59,50.04,86.33,59.47,32.0,49.83,,251.62,22.556973,88.4940996,"2024-04-18 12:01:46.576158"
498,3.2,5.2,9.41,5.59,54.21,50.82,87.88,60.98,32.0,48.13,,251.82,22.556973,88.4940996,"2024-04-18 12:01:51.992923"
499,3.77,5.39,9.68,5.72,65.48,55.93,87.62,58.48,32.0,47.44,,252.11,22.556973,88.4940996,"2024-04-18 12:01:57.459727"
500,3.33,4.02,8.8,5.85,57.49,53.82,87.32,61.55,32.0,46.49,,252.94,22.556973,88.4940996,"2024-04-18 12:02:02.881403"
501,4.77,4.62,8.9,5.75,57.33,50.98,84.99,61.96,32.0,46.77,,252.14,22.556973,88.4940996,"2024-04-18 12:02:08.281495"
502,4.08,4.24,9.76,6.04,64.03,50.65,86.48,59.5,32.0,47.74,,252.38,22.556973,88.4940996,"2024-04-18 12:02:13.572016"
503,5.13,4.69,9.07,6.22,57.51,52.25,83.98,60.94,32.0,49.62,,252.29,22.556973,88.4940996,"2024-04-18 12:02:18.779662"
504,5.04,4.58,9.0,5.68,64.79,52.57,84.96,61.75,32.0,48.44,,253.07,22.556973,88.4940996,"2024-04-18 12:02:23.987725"
505,3.56,4.6,8.58,5.51,56.23,55.49,84.05,60.71,32.0,47.84,,252.92,22.556973,88.4940996,"2024-04-18 12:02:29.203652"
506,3.37,4.07,8.42,6.09,65.11,50.06,82.9,59.54,32.0,48.85,,251.79,22.556973,88.4940996,"2024-04-18 12:02:34.496022"
507,4.0,4.59,9.34,5.9,62.39,53.05,86.26,58.7,32.0,49.53,,251.68,22.556973,88.4940996,"2024-04-18 12:02:39.849334"
508,5.38,5.48,9.3,5.52,64.76,57.89,82.09,60.61,32.0,47.7,,252.31,22.556973,88.4940996,"2024-04-18 12:02:45.252877"
509,5.48,5.49,8.97,5.72,65.46,55.69,82.06,59.85,32.0,49.09,,252.71,22.556973,88.4940996,"2024-04-18 12:02:50.667538"
510,5.44,5.38,9.28,6.13,54.4,53.03,80.7,60.05,32.0,49.57,,252.5,22.556973,88.4940996,"2024-04-18 12:02:56.108958"
511,4.86,4.95,8.22,5.69,64.97,56.37,84.42,61.43,32.0,47.54,,252.96,22.556973,88.4940996,"2024-04-18 12:03:01.558783"
512,3.78,4.69,9.51,5.56,64.83,53.46,82.95,58.58,32.0,47.85,,252.83,22.556973,88.4940996,"2024-04-18 12:03:06.961959"
513,4.98,4.1,8.6,5.58,63.09,56.17,84.76,58.94,32.0,47.09,,253.06,22.556973,88.4940996,"2024-04-18 12:03:12.219355"
514,4.84,5.01,9.72,6.01,64.72,57.3,82.12,59.95,32.0,46.62,,253.31,22.556973,88.4940996,"2024-04-18 12:03:17.603787"
515,3.98,4.74,8.51,6.23,54.97,52.55,84.14,61.92,32.0,48.01,,252.14,22.556973,88.4940996,"2024-04-18 12:03:22.818037"
516,5.44,4.44,9.35,6.17,61.49,52.85,81.33,61.03,32.0,49.49,,251.57,22.556973,88.4940996,"2024-04-18 12:03:28.152806"
517,4.01,5.38,8.78,6.11,57.99,56.44,87.52,59.48,32.0,47.22,,252.87,22.556973,88.4940996,"2024-04-18 12:03:33.599093"
518,4.7,4.46,9.22,6.44,64.02,54.04,84.26,61.16,32.0,48.1,,251.9,22.556973,88.4940996,"2024-04-18 12:03:38.866926"
519,5.01,4.36,9.63,6.59,63.86,50.53,87.63,60.0,32.0,47.72,,252.56,22.556973,88.4940996,"2024-04-18 12:03:44.202562"
520,4.7,4.49,9.59,6.44,58.52,55.54,80.24,59.75,32.0,47.57,,251.62,22.556973,88.4940996,"2024-04-18 12:03:49.468711"
521,4.48,5.26,8.76,5.8,60.39,52.84,87.8,58.32,32.0,47.66,,252.06,22.556973,88.4940996,"2024-04-18 12:03:54.749545"
522,3.8,5.11,8.86,5.8,57.29,56.05,84.79,61.4,32.0,47.9,,251.58,22.556973,88.4940996,"2024-04-18 12:03:59.953331"
523,4.14,4.76,8.29,5.75,64.19,51.25,85.72,60.28,32.0,48.28,,251.69,22.556973,88.4940996,"2024-04-18 12:04:05.256814"
524,3.72,4.69,8.84,6.01,64.97,55.94,82.48,60.55,32.0,48.36,,253.2,22.556973,88.4940996,"2024-04-18 12:04:10.445093"
525,4.25,5.1,9.73,5.6,57.64,53.93,82.82,58.91,32.0,47.56,,252.88,22.556973,88.4940996,"2024-04-18 12:04:15.646949"
526,3.62,4.66,8.62,5.8,59.85,52.9,83.19,58.38,32.0,49.73,,252.72,22.556973,88.4940996,"2024-04-18 12:04:21.018423"
527,3.66,4.6,8.35,6.02,64.19,56.85,81.5,59.49,32.0,47.24,,251.63,22.556973,88.4940996,"2024-04-18 12:04:26.435717"
528,4.73,5.34,8.57,6.2,59.74,51.55,82.13,62.19,32.0,49.71,,252.56,22.556973,88.4940996,"2024-04-18 12:04:31.870182"
529,4.68,4.04,9.28,5.72,63.81,55.69,87.98,59.12,32.0,49.43,,253.23,22.556973,88.4940996,"2024-04-18 12:04:37.135662"
530,4.16,4.98,9.11,5.91,57.99,52.33,84.99,59.18,32.0,49.83,,252.08,22.556973,88.4940996,"2024-04-18 12:04:42.526040"
531,4.35,4.64,8.29,5.55,55.32,50.19,83.78,60.9,32.0,48.81,,252.47,22.556973,88.4940996,"2024-04-18 12:04:47.923597"
532,3.34,4.69,9.31,5.89,63.35,57.81,87.08,58.7,32.0,49.57,,253.34,22.556973,88.4940996,"2024-04-18 12:04:53.281824"
533,3.21,5.37,9.69,6.0,57.29,50.84,86.65,60.69,32.0,48.89,,251.81,22.556973,88.4940996,"2024-04-18 12:04:58.707545"
534,3.62,4.98,9.18,6.55,65.04,52.62,84.92,61.73,32.0,49.99,,252.22,22.556973,88.4940996,"2024-04-18 12:05:03.899579"
535,4.95,4.89,9.13,5.59,61.08,55.08,80.84,60.92,32.0,47.28,,252.57,22.556973,88.4940996,"2024-04-18 12:05:09.230123"
536,4.82,5.42,9.16,6.31,62.05,53.76,81.35,59.77,32.0,47.66,,253.22,22.556973,88.4940996,"2024-04-18 12:05:14.686642"
537,4.26,4.3,8.87,6.59,58.6,53.56,80.7,59.6,32.0,48.59,,251.5,22.556973,88.4940996,"2024-04-18 12:05:19.995871"
538,4.9,4.29,9.37,5.63,63.51,53.03,86.16,60.68,32.0,46.76,,252.6,22.556973,88.4940996,"2024-04-18 12:05:25.422906"
539,3.55,5.14,8.61,5.63,58.16,52.39,81.37,62.23,32.0,49.1,,252.37,22.556973,88.4940996,"2024-04-18 12:05:30.835392"
540,5.02,4.62,8.92,6.54,61.45,52.09,87.69,62.27,32.0,46.47,,251.97,22.556973,88.4940996,"2024-04-18 12:05:36.206935"
541,5.39,5.4,8.29,5.97,59.26,57.04,86.26,59.95,32.0,46.84,,252.04,22.556973,88.4940996,"2024-04-18 12:05:41.606714"
542,4.07,5.28,9.04,5.62,57.07,53.11,80.64,58.42,32.0,47.9,,251.77,22.556973,88.4940996,"2024-04-18 12:05:47.012219"
543,4.93,4.73,9.58,5.56,56.77,53.59,86.95,60.84,32.0,47.09,,253.01,22.556973,88.4940996,"2024-04-18 12:05:52.247345"
544,5.31,4.99,8.93,5.52,59.62,52.6,84.66,59.21,32.0,48.31,,252.19,22.556973,88.4940996,"2024-04-18 12:05:57.554489"
545,4.42,5.16,8.92,5.53,55.5,52.81,85.11,60.92,32.0,46.22,,251.69,22.556973,88.4940996,"2024-04-18 12:06:02.908419"
546,3.91,5.13,9.59,5.52,55.59,53.67,85.65,60.14,32.0,49.16,,253.06,22.556973,88.4940996,"2024-04-18 12:06:08.202720"
547,3.79,4.26,8.95,6.14,60.75,57.29,84.28,58.5,32.0,49.21,,252.05,22.556973,88.4940996,"2024-04-18 12:06:13.384712"
548,3.57,5.43,9.68,6.0,58.05,54.86,83.7,59.25,32.0,46.82,,253.05,22.556973,88.4940996,"2024-04-18 12:06:18.657427"
549,4.56,5.3,8.49,6.45,60.17,50.95,86.94,59.61,32.0,49.12,,252.33,22.556973,88.4940996,"2024-04-18 12:06:23.948450"
550,5.27,4.64,8.2,6.15,59.84,52.34,80.36,61.44,32.0,47.57,,252.06,22.556973,88.4940996,"2024-04-18 12:06:29.192804"
551,5.25,4.56,8.49,5.93,59.21,51.05,83.31,59.82,32.0,49.32,,252.22,22.556973,88.4940996,"2024-04-18 12:06:34.383861"
552,3.85,5.44,8.37,6.34,59.78,54.95,87.87,59.25,32.0,48.34,,251.81,22.556973,88.4940996,"2024-04-18 12:06:39.646017"
553,4.01,5.06,9.14,5.85,54.44,50.1,83.65,59.16,32.0,49.07,,253.18,22.556973,88.4940996,"2024-04-18 12:06:45.039322"
554,5.23,4.43,8.72,5.63,65.99,57.14,81.32,58.79,32.0,48.84,,253.06,22.556973,88.4940996,"2024-04-18 12:06:50.434964"
555,5.4,5.0,9.73,6.35,54.54,52.13,86.3,60.12,32.0,46.32,,252.14,22.556973,88.4940996,"2024-04-18 12:06:55.704832"
556,5.18,4.27,9.77,6.17,58.05,56.09,83.89,61.86,32.0,49.17,,252.46,22.556973,88.4940996,"2024-04-18 12:07:00.946890"
557,4.87,5.04,9.11,6.09,64.66,54.54,83.22,59.22,32.0,47.82,,252.12,22.556973,88.4940996,"2024-04-18 12:07:06.161339"
558,4.42,4.16,9.51,6.42,55.09,50.72,87.11,60.51,32.0,46.74,,253.35,22.556973,88.4940996,"2024-04-18 12:07:11.492622"
559,3.52,4.73,8.7,6.53,55.32,51.04,85.85,62.26,32.0,48.24,,251.75,22.556973,88.4940996,"2024-04-18 12:07:16.779271"
560,4.02,4.61,8.74,6.02,62.43,53.67,87.03,58.47,32.0,46.21,,253.13,22.556973,88.4940996,"2024-04-18 12:07:22.042290"
561,5.37,4.86,8.81,6.45,54.47,52.42,84.54,62.02,32.0,48.59,,252.54,22.556973,88.4940996,"2024-04-18 12:07:27.489007"
562,3.56,4.95,9.31,5.81,63.53,57.94,80.11,62.12,32.0,48.28,,252.07,22.556973,88.4940996,"2024-04-18 12:07:32.776457"
563,4.64,5.05,9.21,5.96,60.97,54.52,87.46,58.9,32.0,49.05,,252.39,22.556973,88.4940996,"2024-04-18 12:07:38.241844"
564,3.68,4.57,9.3,6.09,59.64,55.41,84.71,59.45,32.0,46.78,,252.09,22.556973,88.4940996,"2024-04-18 12:07:43.674820"
565,5.46,5.23,9.41,5.91,57.69,56.11,85.9,61.2,32.0,47.33,,252.21,22.556973,88.4940996,"2024-04-18 12:07:49.083272"
566,3.28,4.81,8.43,6.3,65.01,54.8,82.05,58.24,32.0,48.13,,251.9,22.556973,88.4940996,"2024-04-18 12:07:54.394723"
567,4.11,4.93,8.54,6.31,63.6,56.37,84.3,58.8,32.0,46.22,,252.77,22.556973,88.4940996,"2024-04-18 12:07:59.848463"
568,4.09,5.45,9.58,5.81,65.03,55.56,85.43,58.74,32.0,47.48,,253.47,22.556973,88.4940996,"2024-04-18 12:08:05.247548"
569,4.78,4.99,8.59,6.49,60.77,55.07,85.54,61.17,32.0,49.25,,251.81,22.556973,88.4940996,"2024-04-18 12:08:10.576020"
570,4.73,4.06,8.71,6.43,63.06,54.19,84.88,62.19,32.0,46.56,,251.69,22.556973,88.4940996,"2024-04-18 12:08:16.023142"
571,4.5,4.24,8.87,6.45,60.44,53.78,82.48,59.51,32.0,46.65,,251.94,22.556973,88.4940996,"2024-04-18 12:08:21.247967"
572,4.1,4.64,8.62,5.88,63.81,57.81,87.48,59.54,32.0,48.96,,252.2,22.556973,88.4940996,"2024-04-18 12:08:26.643121"
573,5.2,4.61,9.31,5.91,61.46,50.2,81.67,61.1,32.0,49.01,,251.64,22.556973,88.4940996,"2024-04-18 12:08:31.976083"
574,5.44,5.24,8.67,5.96,54.15,54.01,84.41,60.9,32.0,48.83,,252.03,22.556973,88.4940996,"2024-04-18 12:08:37.231523"
575,4.95,4.73,9.65,6.31,61.75,56.12,83.87,58.33,32.0,49.17,,252.72,22.556973,88.4940996,"2024-04-18 12:08:42.627350"
576,5.44,5.35,8.28,5.57,61.81,57.2,81.26,59.38,32.0,49.98,,251.75,22.556973,88.4940996,"2024-04-18 12:08:47.978778"
577,4.18,4.45,9.67,5.89,58.9,52.16,84.89,61.05,32.0,48.06,,252.71,22.556973,88.4940996,"2024-04-18 12:08:53.411574"
578,4.71,5.11,9.47,5.99,62.26,53.66,85.31,62.26,32.0,47.99,,253.32,22.556973,88.4940996,"2024-04-18 12:08:58.737272"
579,5.43,4.62,9.33,5.67,63.32,55.24,84.09,60.76,32.0,49.89,,251.55,22.556973,88.4940996,"2024-04-18 12:09:04.151049"
580,5.38,4.38,9.06,6.09,59.32,51.54,87.98,61.34,32.0,47.48,,253.02,22.556973,88.4940996,"2024-04-18 12:09:09.364062"
581,4.67,5.12,9.65,5.89,65.73,53.05,81.45,59.86,32.0,49.75,,253.21,22.556973,88.4940996,"2024-04-18 12:09:14.707683"
582,3.56,4.24,9.49,5.54,58.99,53.43,86.27,61.68,32.0,48.45,,252.05,22.556973,88.4940996,"2024-04-18 12:09:20.122767"
583,5.21,4.76,8.82,5.99,58.4,56.49,80.23,60.18,32.0,49.75,,252.59,22.556973,88.4940996,"2024-04-18 12:09:25.467340"
584,3.32,4.78,8.86,5.71,59.47,55.34,84.72,61.08,32.0,49.93,,252.27,22.556973,88.4940996,"2024-04-18 12:09:30.727343"
585,3.67,4.01,8.53,5.59,60.6,54.77,83.11,60.6,32.0,46.51,,251.52,22.556973,88.4940996,"2024-04-18 12:09:36.092673"
586,5.32,4.62,9.39,5.65,60.57,50.97,83.46,61.92,32.0,47.14,,253.24,22.556973,88.4940996,"2024-04-18 12:09:41.540672"
587,3.21,4.49,8.76,5.6,62.58,55.52,87.61,60.22,32.0,48.99,,252.37,22.556973,88.4940996,"2024-04-18 12:09:46.930632"
588,4.82,4.29,8.44,5.84,61.52,52.65,86.89,61.37,32.0,48.08,,253.13,22.556973,88.4940996,"2024-04-18 12:09:52.237951"
589,5.15,5.37,8.25,5.64,65.31,50.64,86.84,61.22,32.0,48.4,,253.01,22.556973,88.4940996,"2024-04-18 12:09:57.685001"
590,4.22,5.49,8.31,6.34,60.75,55.97,86.93,60.84,32.0,47.17,,252.56,22.556973,88.4940996,"2024-04-18 12:10:03.040090"
591,3.58,4.94,9.73,5.6,61.84,51.43,87.32,60.3,32.0,46.48,,251.57,22.556973,88.4940996,"2024-04-18 12:10:08.308022"
592,3.64,5.41,8.62,6.31,61.83,51.65,82.37,61.9,32.0,48.41,,252.71,22.556973,88.4940996,"2024-04-18 12:10:13.548376"
593,5.39,4.2,8.94,5.86,54.97,52.05,83.61,58.3,32.0,48.36,,252.25,22.556973,88.4940996,"2024-04-18 12:10:18.987372"
594,4.9,4.92,9.73,5.84,54.34,55.57,80.24,61.83,32.0,47.38,,253.36,22.556973,88.4940996,"2024-04-18 12:10:24.344949"
595,3.87,4.06,8.64,5.82,57.18,51.4,84.58,61.76,32.0,47.53,,252.25,22.556973,88.4940996,"2024-04-18 12:10:29.633619"
596,4.79,4.35,9.53,6.17,61.09,57.74,82.33,62.2,32.0,47.63,,251.94,22.556973,88.4940996,"2024-04-18 12:10:34.958015"
597,5.09,4.81,8.22,5.51,62.06,52.9,84.98,60.62,32.0,46.51,,252.78,22.556973,88.4940996,"2024-04-18 12:10:40.259613"
598,4.32,4.7,9.22,6.25,56.02,51.29,84.1,60.37,32.0,46.91,,252.43,22.556973,88.4940996,"2024-04-18 12:10:45.508873"
599,4.03,4.23,8.95,6.1,61.91,55.69,87.22,60.38,32.0,49.61,,251.63,22.556973,88.4940996,"2024-04-18 12:10:50.805517"
600,4.05,4.61,9.1,5.93,64.63,52.15,87.81,59.04,32.0,46.21,,252.58,22.556973,88.4940996,"2024-04-18 12:10:56.032795"
601,4.46,5.48,8.63,6.02,62.34,50.61,84.07,61.19,32.0,48.86,,253.29,22.556973,88.4940996,"2024-04-18 12:11:01.485013"
602,5.14,4.24,8.5,5.66,62.64,50.36,83.67,61.39,32.0,47.51,,252.68,22.556973,88.4940996,"2024-04-18 12:11:06.808574"
603,3.67,4.63,9.2,6.24,64.07,50.83,81.2,62.01,32.0,48.93,,253.08,22.556973,88.4940996,"2024-04-18 12:11:12.096601"
604,3.68,4.87,9.35,6.22,60.02,57.49,86.98,59.23,32.0,48.82,,253.07,22.556973,88.4940996,"2024-04-18 12:11:17.352853"
605,4.61,4.05,8.72,5.66,62.56,53.28,86.76,58.55,32.0,46.3,,252.78,22.556973,88.4940996,"2024-04-18 12:11:22.646051"
606,5.44,5.2,8.9,5.7,65.51,53.45,80.18,59.73,32.0,48.87,,251.77,22.556973,88.4940996,"2024-04-18 12:11:28.023070"
607,5.21,5.49,9.16,6.15,63.71,54.98,85.94,59.91,32.0,49.31,,251.61,22.556973,88.4940996,"2024-04-18 12:11:33.307445"
608,4.46,5.2,8.38,5.64,63.71,51.68,86.6,58.56,32.0,46.91,,251.68,22.556973,88.4940996,"2024-04-18 12:11:39.371454"
609,4.58,4.12,9.33,5.99,58.85,50.35,80.17,61.08,32.0,47.81,,251.51,22.556973,88.4940996,"2024-04-18 12:11:44.802998"
610,4.76,4.47,9.04,5.78,62.51,52.39,83.75,59.78,32.0,47.06,,252.66,22.556973,88.4940996,"2024-04-18 12:11:50.148489"
611,3.49,4.4,9.72,6.25,56.39,52.38,80.38,58.96,32.0,47.55,,252.64,22.556973,88.4940996,"2024-04-18 12:11:55.428652"
612,4.03,4.87,9.22,5.74,59.52,55.95,87.14,61.8,32.0,47.99,,251.87,22.556973,88.4940996,"2024-04-18 12:12:00.804155"
613,4.73,5.07,8.71,6.54,63.88,57.86,80.55,61.93,32.0,49.42,,251.58,22.556973,88.4940996,"2024-04-18 12:12:06.217672"
614,3.62,4.39,8.85,6.33,55.62,57.95,80.63,60.72,32.0,47.17,,251.51,22.556973,88.4940996,"2024-04-18 12:12:11.542508"
615,4.64,4.53,9.6,6.27,55.88,50.85,87.67,61.82,32.0,46.74,,252.97,22.556973,88.4940996,"2024-04-18 12:12:16.982804"
616,3.4,5.31,9.0,6.57,56.68,53.81,83.49,61.3,32.0,48.93,,251.98,22.556973,88.4940996,"2024-04-18 12:12:22.381867"
617,3.35,4.93,8.57,6.2,61.25,53.69,82.48,59.21,32.0,47.38,,252.3,22.556973,88.4940996,"2024-04-18 12:12:27.741356"
618,4.27,4.72,8.41,5.67,54.26,56.73,87.67,59.11,32.0,49.8,,251.89,22.556973,88.4940996,"2024-04-18 12:12:33.132240"
619,3.29,4.0,9.34,6.26,62.82,50.75,84.43,58.97,32.0,49.14,,252.55,22.556973,88.4940996,"2024-04-18 12:12:38.587130"
620,5.32,4.93,8.68,5.67,57.7,52.65,84.34,61.03,32.0,49.84,,252.76,22.556973,88.4940996,"2024-04-18 12:12:44.023392"
621,3.54,4.56,8.24,6.14,63.32,55.25,82.7,61.82,32.0,49.01,,253.03,22.556973,88.4940996,"2024-04-18 12:12:49.412493"
622,4.73,4.54,9.15,5.79,61.24,51.11,86.03,58.42,32.0,46.45,,251.65,22.556973,88.4940996,"2024-04-18 12:12:54.726584"
623,4.83,4.93,8.61,6.54,60.05,51.01,86.48,61.16,32.0,49.37,,251.74,22.556973,88.4940996,"2024-04-18 12:13:00.069011"
624,3.64,4.85,8.55,6.53,60.66,53.02,80.02,60.52,32.0,47.22,,253.02,22.556973,88.4940996,"2024-04-18 12:13:05.509296"
625,5.31,5.41,8.26,5.81,65.09,53.83,83.06,61.43,32.0,48.79,,251.7,22.556973,88.4940996,"2024-04-18 12:13:10.943905"
626,3.24,4.79,8.26,6.39,54.69,54.35,83.88,59.75,32.0,47.88,,252.07,22.556973,88.4940996,"2024-04-18 12:13:16.235477"
627,4.48,4.27,8.67,6.41,54.56,50.23,81.52,62.25,32.0,48.1,,252.47,22.556973,88.4940996,"2024-04-18 12:13:21.566628"
628,4.27,4.8,9.16,5.76,56.87,57.65,87.08,61.96,32.0,49.89,,253.22,22.556973,88.4940996,"2024-04-18 12:13:26.857941"
629,5.16,4.81,8.84,6.3,60.47,50.22,84.53,59.26,32.0,49.27,,253.46,22.556973,88.4940996,"2024-04-18 12:13:32.248455"
630,4.17,4.76,8.81,6.0,58.22,51.01,83.4,60.41,32.0,46.35,,253.1,22.556973,88.4940996,"2024-04-18 12:13:37.641162"
631,3.21,5.17,9.51,5.69,59.89,50.07,80.77,60.58,32.0,46.46,,252.35,22.556973,88.4940996,"2024-04-18 12:13:43.106555"
632,5.41,4.97,9.08,5.93,56.87,51.51,82.83,58.46,32.0,48.72,,252.42,22.556973,88.4940996,"2024-04-18 12:13:48.707928"
633,3.65,4.29,9.33,6.35,57.83,57.43,81.65,62.27,32.0,47.99,,252.02,22.556973,88.4940996,"2024-04-18 12:13:54.035008"
634,4.11,4.08,9.32,5.53,54.92,55.22,80.1,58.5,32.0,47.75,,252.81,22.556973,88.4940996,"2024-04-18 12:13:59.253558"
635,4.23,5.35,9.51,6.43,55.81,52.98,81.62,59.65,32.0,47.95,,252.48,22.556973,88.4940996,"2024-04-18 12:14:04.656554"
636,4.18,4.89,9.27,6.02,54.96,56.62,80.04,58.42,32.0,48.13,,252.56,22.556973,88.4940996,"2024-04-18 12:14:09.847932"
637,3.57,4.56,9.38,5.96,62.53,53.52,87.7,59.76,32.0,47.72,,252.06,22.556973,88.4940996,"2024-04-18 12:14:15.033307"
638,5.12,4.41,8.94,6.57,62.16,56.55,83.06,59.79,32.0,48.87,,251.92,22.556973,88.4940996,"2024-04-18 12:14:20.370987"
639,3.49,4.1,8.88,5.92,56.85,52.3,85.59,61.32,32.0,46.62,,252.55,22.556973,88.4940996,"2024-04-18 12:14:25.787896"
640,3.3,5.38,9.25,5.65,55.69,55.63,87.01,59.05,32.0,47.32,,253.34,22.556973,88.4940996,"2024-04-18 12:14:31.225787"
641,3.78,5.46,9.07,6.04,58.9,53.84,81.21,59.06,32.0,47.5,,252.59,22.556973,88.4940996,"2024-04-18 12:14:36.519694"
642,3.63,4.34,8.34,5.5,64.96,51.3,81.74,58.45,32.0,48.49,,252.21,22.556973,88.4940996,"2024-04-18 12:14:41.942807"
643,4.42,4.12,8.97,6.46,59.49,52.16,81.69,61.76,32.0,49.0,,252.76,22.556973,88.4940996,"2024-04-18 12:14:47.144570"
644,5.0,5.14,9.54,6.48,56.33,51.67,85.32,59.1,32.0,48.88,,252.29,22.556973,88.4940996,"2024-04-18 12:14:52.366086"
645,4.95,4.15,8.96,6.24,55.21,54.09,84.14,59.31,32.0,46.92,,252.25,22.556973,88.4940996,"2024-04-18 12:14:57.605177"
646,3.95,5.44,8.74,5.64,61.32,56.68,85.11,60.8,32.0,49.07,,252.6,22.556973,88.4940996,"2024-04-18 12:15:02.921755"
647,4.23,4.76,9.12,6.02,65.23,51.93,82.84,60.94,32.0,47.83,,253.21,22.556973,88.4940996,"2024-04-18 12:15:08.270959"
648,4.06,4.44,9.6,6.1,62.9,51.01,86.09,61.78,32.0,48.97,,252.74,22.556973,88.4940996,"2024-04-18 12:15:13.571310"
649,5.43,4.04,8.48,6.07,60.28,55.88,82.28,60.33,32.0,48.43,,252.52,22.556973,88.4940996,"2024-04-18 12:15:18.910027"
650,4.2,4.36,8.77,6.03,61.26,52.27,81.75,60.09,32.0,48.87,,252.36,22.556973,88.4940996,"2024-04-18 12:15:24.273606"
651,3.64,4.49,8.24,5.7,54.57,52.28,81.56,58.26,32.0,49.46,,251.85,22.556973,88.4940996,"2024-04-18 12:15:29.669162"
652,4.34,5.0,9.13,6.04,54.73,57.89,86.01,61.4,32.0,48.78,,251.75,22.556973,88.4940996,"2024-04-18 12:15:34.981963"
653,4.77,5.44,9.5,6.58,63.0,50.82,80.17,60.75,32.0,49.51,,252.76,22.556973,88.4940996,"2024-04-18 12:15:40.825866"
654,5.5,5.01,8.57,6.15,59.62,56.46,80.78,61.82,32.0,48.54,,252.64,22.556973,88.4940996,"2024-04-18 12:15:46.180985"
655,4.04,4.45,9.04,6.45,63.99,54.05,82.94,61.69,32.0,46.55,,251.81,22.556973,88.4940996,"2024-04-18 12:15:51.475108"
656,4.81,4.51,9.27,5.93,65.1,55.18,80.89,62.21,32.0,49.21,,252.05,22.556973,88.4940996,"2024-04-18 12:15:56.829925"
657,3.57,4.14,9.12,5.7,65.08,56.35,86.51,59.03,32.0,46.43,,252.93,22.556973,88.4940996,"2024-04-18 12:16:02.120501"
658,4.6,4.39,9.53,5.54,57.22,57.69,80.3,61.74,32.0,47.67,,252.62,22.556973,88.4940996,"2024-04-18 12:16:07.495267"
659,3.82,4.71,9.35,5.97,58.03,55.76,86.1,59.63,32.0,47.37,,251.72,22.556973,88.4940996,"2024-04-18 12:16:12.761500"
660,3.91,5.37,9.72,6.43,60.58,55.86,86.14,58.92,32.0,48.68,,251.61,22.556973,88.4940996,"2024-04-18 12:16:18.232479"
661,4.51,4.04,9.54,6.44,54.17,52.13,80.04,58.93,32.0,49.26,,253.42,22.556973,88.4940996,"2024-04-18 12:16:23.603963"
662,4.13,4.82,8.9,5.9,57.8,55.95,86.12,60.91,32.0,48.67,,252.45,22.556973,88.4940996,"2024-04-18 12:16:28.978458"
663,3.27,5.36,8.21,6.46,57.7,56.6,84.96,61.43,32.0,49.65,,251.88,22.556973,88.4940996,"2024-04-18 12:16:34.278535"
664,3.93,4.15,9.45,6.03,56.15,51.56,82.15,61.97,32.0,48.79,,251.89,22.556973,88.4940996,"2024-04-22 07:06:53.865110"
665,5.2,4.19,8.3,5.89,60.94,51.6,85.43,59.76,32.0,46.59,,252.55,22.556973,88.4940996,"2024-04-22 07:06:58.901844"
666,3.87,4.9,8.4,6.29,63.82,56.11,87.29,59.69,32.0,49.79,,252.22,22.556973,88.4940996,"2024-04-22 07:07:03.967809"
667,5.4,5.1,9.09,5.52,62.77,50.44,87.95,59.69,32.0,49.44,,251.58,22.556973,88.4940996,"2024-04-22 07:07:09.006192"
668,5.26,4.69,8.59,6.31,57.21,52.39,85.81,59.11,32.0,46.78,,253.16,22.556973,88.4940996,"2024-04-22 07:07:14.043316"
669,3.38,4.9,8.9,6.11,59.67,57.37,86.14,59.01,32.0,46.24,,251.61,22.556973,88.4940996,"2024-04-22 07:07:19.072815"
670,4.77,4.2,8.24,6.2,65.73,55.01,84.36,58.54,32.0,46.33,,252.45,22.556973,88.4940996,"2024-04-22 07:07:24.164412"
671,4.34,4.3,9.61,6.15,55.51,50.19,87.34,62.29,32.0,48.95,,253.1,22.556973,88.4940996,"2024-04-22 07:07:29.206888"
672,3.69,4.41,9.47,6.3,57.66,56.75,83.47,59.9,32.0,47.17,,251.75,22.556973,88.4940996,"2024-04-22 07:07:34.283999"
673,3.78,5.29,9.62,6.37,65.03,50.56,84.34,60.93,32.0,47.38,,252.66,22.556973,88.4940996,"2024-04-22 07:07:39.326608"
674,3.55,5.11,8.74,5.93,62.08,50.13,84.34,61.78,32.0,48.21,,252.56,22.556973,88.4940996,"2024-04-22 07:07:44.356630"
675,3.42,4.2,9.09,5.75,58.26,53.62,81.65,61.23,32.0,49.92,,251.64,22.556973,88.4940996,"2024-04-22 07:07:49.389504"
676,5.37,4.69,8.98,6.25,56.42,56.2,87.58,62.27,32.0,49.14,,251.55,22.556973,88.4940996,"2024-04-22 07:07:54.428682"
677,4.08,5.32,8.58,6.46,65.74,57.85,83.14,60.17,32.0,48.12,,253.46,22.556973,88.4940996,"2024-04-22 07:07:59.463063"
678,3.78,4.06,8.69,6.14,65.38,52.2,82.58,61.23,32.0,47.47,,252.61,22.556973,88.4940996,"2024-04-22 07:08:04.496257"
679,4.26,4.82,9.53,5.81,54.28,57.37,80.1,60.83,32.0,48.6,,253.44,22.556973,88.4940996,"2024-04-22 07:08:09.546093"
680,5.49,5.24,9.76,5.61,64.39,57.33,85.61,58.93,32.0,48.92,,252.1,22.556973,88.4940996,"2024-04-22 07:08:14.667737"
681,4.69,5.14,8.95,5.81,59.91,56.99,80.22,58.21,32.0,48.08,,251.79,22.556973,88.4940996,"2024-04-22 07:08:19.711462"
682,4.16,5.14,8.82,5.9,64.43,53.16,87.22,58.26,32.0,46.88,,253.35,22.556973,88.4940996,"2024-04-22 07:08:24.779235"
683,3.21,4.84,8.23,5.97,59.78,56.46,82.38,59.96,32.0,47.58,,253.15,22.556973,88.4940996,"2024-04-22 07:08:29.812646"
684,4.16,5.4,8.3,5.99,65.14,56.6,80.4,59.49,32.0,46.48,,252.64,22.556973,88.4940996,"2024-04-22 07:08:34.844805"
685,5.46,4.15,8.55,5.99,59.76,56.58,86.72,61.63,32.0,48.76,,252.93,22.556973,88.4940996,"2024-04-22 07:08:39.878902"
686,4.01,4.39,8.9,6.01,65.05,54.21,84.42,61.17,32.0,46.44,,253.15,22.556973,88.4940996,"2024-04-22 07:08:44.909212"
687,4.94,4.91,9.13,6.17,61.79,55.09,87.52,61.02,32.0,47.56,,253.13,22.556973,88.4940996,"2024-04-22 07:08:49.954258"
688,5.13,4.93,8.6,6.45,63.54,56.19,81.3,58.65,32.0,47.9,,251.57,22.556973,88.4940996,"2024-04-22 07:08:54.992730"
689,3.69,5.49,8.82,6.38,60.53,56.65,86.04,60.68,32.0,49.45,,252.66,22.556973,88.4940996,"2024-04-22 07:09:00.040471"
690,5.03,5.38,9.04,6.17,61.17,55.0,86.77,58.27,32.0,47.08,,252.51,22.556973,88.4940996,"2024-04-22 07:09:05.079664"
691,4.79,4.83,8.87,5.92,56.95,52.12,85.63,60.34,32.0,48.37,,251.51,22.556973,88.4940996,"2024-04-22 07:09:10.109995"
692,4.83,4.21,9.44,5.56,57.62,53.68,84.59,60.49,32.0,49.96,,251.9,22.556973,88.4940996,"2024-04-22 07:09:15.140775"
693,3.28,5.0,9.35,6.1,55.18,54.84,87.52,58.9,32.0,49.08,,253.49,22.556973,88.4940996,"2024-04-22 07:09:20.175604"
694,5.1,4.18,9.8,6.27,54.75,51.33,86.21,60.13,32.0,48.11,,252.69,22.556973,88.4940996,"2024-04-22 07:09:25.211683"
695,4.33,4.34,8.34,5.81,64.85,56.8,86.84,62.02,32.0,47.92,,253.46,22.556973,88.4940996,"2024-04-22 07:09:30.253208"
696,3.7,4.41,8.37,6.31,58.59,52.15,86.38,61.8,32.0,46.68,,252.07,22.556973,88.4940996,"2024-04-22 07:09:35.281671"
697,3.9,4.88,9.11,6.5,55.44,51.42,84.25,60.97,32.0,47.97,,252.51,22.556973,88.4940996,"2024-04-22 07:09:40.312697"
698,4.02,5.12,9.57,5.96,54.05,50.82,84.95,60.49,32.0,49.53,,253.3,22.556973,88.4940996,"2024-04-22 07:09:45.374796"
699,4.92,4.79,8.93,6.09,58.82,50.51,84.26,58.55,32.0,46.32,,251.99,22.556973,88.4940996,"2024-04-22 07:09:50.414544"
700,3.29,4.05,9.19,5.61,62.04,53.07,81.77,58.39,32.0,47.47,,251.54,22.556973,88.4940996,"2024-04-22 07:09:55.449294"
701,4.78,4.1,9.54,5.8,63.4,55.34,87.53,61.21,32.0,46.74,,253.16,22.556973,88.4940996,"2024-04-22 07:10:00.482936"
702,3.24,4.73,8.86,6.59,55.64,53.64,87.2,61.68,32.0,46.96,,253.05,22.556973,88.4940996,"2024-04-22 07:10:05.520101"
703,4.24,4.98,8.8,6.57,61.59,52.08,83.38,60.2,32.0,49.63,,252.69,22.556973,88.4940996,"2024-04-22 07:10:10.557687"
704,3.67,5.0,9.52,6.38,65.0,50.96,81.28,59.73,32.0,48.27,,253.34,22.556973,88.4940996,"2024-04-22 07:10:15.604386"
705,4.54,5.16,8.78,5.97,58.16,55.23,85.05,60.87,32.0,47.5,,251.96,22.556973,88.4940996,"2024-04-22 07:10:20.636635"
706,3.39,4.38,8.47,6.41,62.75,51.16,84.81,60.72,32.0,46.59,,252.17,22.556973,88.4940996,"2024-04-22 07:10:25.667264"
707,3.75,4.85,9.24,5.73,57.78,51.11,84.55,61.6,32.0,46.89,,252.23,22.556973,88.4940996,"2024-04-22 07:10:30.702811"
708,4.08,4.55,9.24,5.51,61.09,50.51,80.54,61.99,32.0,49.89,,251.6,22.556973,88.4940996,"2024-04-22 07:10:35.734457"
709,3.33,5.46,8.86,6.19,54.85,54.57,81.96,60.92,32.0,48.83,,252.08,22.556973,88.4940996,"2024-04-22 07:10:40.769261"
710,5.13,4.49,8.65,6.48,64.29,53.73,83.7,59.99,32.0,49.25,,252.17,22.556973,88.4940996,"2024-04-22 07:10:45.805116"
711,3.79,4.96,8.29,6.23,64.43,50.79,87.27,61.5,32.0,48.0,,251.97,22.556973,88.4940996,"2024-04-22 07:10:50.837705"
712,5.23,5.03,8.2,6.04,57.15,55.07,84.44,60.42,32.0,47.39,,253.1,22.556973,88.4940996,"2024-04-22 07:10:55.874264"
713,5.16,4.33,8.55,6.29,62.28,54.14,81.94,61.62,32.0,48.39,,252.52,22.556973,88.4940996,"2024-04-22 07:11:00.906908"
714,4.4,5.49,8.26,6.11,65.22,55.09,84.92,61.94,32.0,47.23,,252.5,22.556973,88.4940996,"2024-04-22 07:11:05.942664"
715,4.54,4.38,9.53,6.19,58.79,50.48,81.59,60.35,32.0,49.78,,252.09,22.556973,88.4940996,"2024-04-22 07:11:10.978545"
716,4.02,4.67,8.22,6.04,58.29,55.98,84.35,60.25,32.0,46.97,,252.43,22.556973,88.4940996,"2024-04-22 07:11:16.039359"
717,5.1,4.45,9.34,6.04,58.56,52.2,83.43,59.33,32.0,49.08,,253.41,22.556973,88.4940996,"2024-04-22 07:11:21.183895"
718,5.47,4.45,9.16,6.26,55.3,55.0,84.97,60.8,32.0,47.88,,252.76,22.556973,88.4940996,"2024-04-22 07:11:26.217733"
719,4.46,4.95,8.44,5.65,54.5,55.62,82.15,60.25,32.0,49.5,,251.66,22.556973,88.4940996,"2024-04-22 07:11:31.253317"
720,4.9,4.1,9.39,6.28,58.2,56.96,83.59,59.1,32.0,49.67,,253.11,22.556973,88.4940996,"2024-04-22 07:11:36.290184"
721,3.38,4.74,9.14,6.38,65.04,50.57,81.43,59.05,32.0,48.03,,251.87,22.556973,88.4940996,"2024-04-22 07:11:41.323234"
722,5.4,5.22,9.45,6.27,55.68,50.85,87.96,61.26,32.0,48.33,,252.35,22.556973,88.4940996,"2024-04-22 07:11:46.353701"
723,4.71,4.34,8.87,5.71,59.43,57.84,85.9,58.88,32.0,49.69,,251.98,22.556973,88.4940996,"2024-04-22 07:11:46.938153"
724,3.52,4.81,8.72,5.57,63.53,50.26,84.2,60.01,32.0,46.71,,252.2,22.556973,88.4940996,"2024-04-22 07:11:51.388190"
725,5.12,4.46,9.13,6.11,59.89,57.45,82.44,60.94,32.0,47.47,,252.13,22.556973,88.4940996,"2024-04-22 07:11:51.983764"
726,3.28,5.15,8.87,5.76,59.75,50.44,87.63,59.04,32.0,46.21,,252.38,22.556973,88.4940996,"2024-04-22 07:11:56.429585"
727,4.84,4.4,9.12,5.98,60.96,56.07,85.74,60.45,32.0,47.01,,252.1,22.556973,88.4940996,"2024-04-22 07:11:57.022629"
728,4.94,4.7,9.61,6.21,56.48,50.97,81.48,61.52,32.0,47.08,,253.46,22.556973,88.4940996,"2024-04-22 07:12:01.460235"
729,4.76,4.9,8.66,6.18,59.78,54.78,85.88,61.15,32.0,46.97,,251.98,22.556973,88.4940996,"2024-04-22 07:12:02.061872"
730,3.98,4.91,8.41,5.75,59.81,51.25,82.19,61.27,32.0,46.73,,253.32,22.556973,88.4940996,"2024-04-22 07:12:06.498677"
731,3.4,5.28,9.6,5.56,58.56,51.91,80.79,58.64,32.0,46.81,,253.49,22.556973,88.4940996,"2024-04-22 07:12:11.525460"
732,3.78,4.88,8.58,6.4,57.45,50.22,83.74,62.23,32.0,49.54,,252.59,22.556973,88.4940996,"2024-04-22 07:12:16.565037"
733,5.49,5.17,8.82,5.7,60.42,53.18,87.93,62.21,32.0,46.51,,253.34,22.556973,88.4940996,"2024-04-22 07:12:21.720342"
734,4.7,5.06,8.25,5.86,58.02,52.96,80.83,61.23,32.0,49.06,,253.21,22.556973,88.4940996,"2024-04-22 07:12:26.783955"
735,3.91,5.3,9.74,5.95,56.01,54.43,86.51,58.86,32.0,47.46,,253.3,22.556973,88.4940996,"2024-04-22 07:12:31.815919"
736,3.26,4.48,8.47,6.07,65.92,56.34,84.42,60.23,32.0,46.62,,253.09,22.556973,88.4940996,"2024-04-22 07:12:36.849553"
737,4.05,4.34,8.77,6.34,54.91,51.86,87.54,61.74,32.0,47.76,,252.51,22.556973,88.4940996,"2024-04-22 07:12:41.913897"
738,4.55,5.49,8.34,6.32,59.53,57.36,85.3,59.47,32.0,49.15,,252.21,22.556973,88.4940996,"2024-04-22 07:12:46.946651"
739,3.21,4.33,9.56,5.51,65.07,56.08,87.47,58.35,32.0,47.67,,253.08,22.556973,88.4940996,"2024-04-22 07:12:51.980269"
740,5.26,5.26,9.16,5.98,58.44,54.89,84.65,60.06,32.0,49.95,,251.55,22.556973,88.4940996,"2024-04-22 07:12:57.023361"
741,4.16,4.56,8.88,5.68,58.41,50.73,85.88,58.52,32.0,47.99,,251.81,22.556973,88.4940996,"2024-04-22 07:13:02.062516"
742,3.85,4.4,8.73,6.53,60.33,50.08,85.55,61.22,32.0,47.54,,251.79,22.556973,88.4940996,"2024-04-22 07:13:07.108768"
743,5.24,4.93,9.7,5.51,57.22,55.9,81.35,60.16,32.0,47.64,,253.13,22.556973,88.4940996,"2024-04-22 07:13:12.143819"
744,5.23,4.68,8.82,6.05,65.49,55.23,83.83,58.96,32.0,48.48,,253.15,22.556973,88.4940996,"2024-04-22 07:16:54.435139"
745,4.91,4.61,9.41,5.51,54.63,53.48,86.45,61.84,32.0,47.42,,252.78,22.556973,88.4940996,"2024-04-22 07:16:59.471353"
746,4.17,4.71,9.05,5.5,56.07,52.13,87.85,58.34,32.0,48.06,,252.17,22.556973,88.4940996,"2024-04-22 07:17:04.503358"
747,4.59,4.59,9.13,6.14,62.19,51.8,81.21,61.09,32.0,48.71,,252.23,22.556973,88.4940996,"2024-04-22 07:17:09.536027"
748,5.17,4.24,9.75,6.24,62.05,54.49,87.01,58.26,32.0,47.01,,253.25,22.556973,88.4940996,"2024-04-22 07:18:44.999081"
749,3.45,5.48,9.18,6.42,54.69,56.03,86.34,61.36,32.0,46.8,,253.12,22.556973,88.4940996,"2024-04-22 07:18:50.081391"
750,5.29,4.88,8.61,6.25,64.28,57.51,82.31,58.58,32.0,48.21,,252.39,22.556973,88.4940996,"2024-04-22 07:18:55.153648"
751,4.38,4.42,9.56,5.85,58.81,52.35,82.22,59.8,32.0,46.22,,253.14,22.556973,88.4940996,"2024-04-22 07:19:00.189901"
752,4.98,5.36,9.76,6.04,56.89,51.11,87.33,60.26,32.0,46.33,,253.38,22.556973,88.4940996,"2024-04-22 07:19:05.217530"
753,4.35,4.27,9.12,6.45,55.94,51.59,87.42,62.27,32.0,48.03,,252.31,22.556973,88.4940996,"2024-04-22 07:19:10.248863"
754,4.31,4.67,8.62,6.35,58.63,52.89,80.65,59.91,32.0,49.56,,251.81,22.556973,88.4940996,"2024-04-22 07:19:15.279641"
755,3.81,5.37,8.22,5.51,59.92,57.2,83.37,58.45,32.0,49.88,,253.35,22.556973,88.4940996,"2024-04-22 07:19:20.310433"
756,3.97,4.49,8.51,5.76,55.37,50.02,80.39,59.56,32.0,47.21,,252.47,22.556973,88.4940996,"2024-04-22 07:19:25.342790"
757,3.35,4.47,8.5,5.63,65.1,55.6,86.11,58.66,32.0,47.72,,253.17,22.556973,88.4940996,"2024-04-22 07:19:30.373405"
758,4.19,4.71,8.72,6.21,59.75,51.69,82.75,58.96,32.0,49.2,,253.16,22.556973,88.4940996,"2024-04-22 07:19:35.401861"
759,4.53,4.45,9.2,6.6,60.84,50.44,81.3,60.84,32.0,46.7,,252.67,22.556973,88.4940996,"2024-04-22 07:19:40.451092"
760,5.17,4.84,9.36,5.52,58.01,56.14,86.26,60.44,32.0,47.82,,253.45,22.556973,88.4940996,"2024-04-22 07:19:45.485530"
761,4.64,5.09,8.9,5.83,55.88,54.49,81.72,60.33,32.0,49.61,,252.06,22.556973,88.4940996,"2024-04-22 07:19:50.521619"
762,4.23,5.01,8.42,6.23,58.94,57.15,83.18,61.17,32.0,46.73,,252.98,22.556973,88.4940996,"2024-04-22 07:19:55.556127"
763,4.3,4.28,9.37,5.84,60.11,55.48,87.31,59.36,32.0,47.08,,253.06,22.556973,88.4940996,"2024-04-22 07:20:00.590081"
764,4.65,4.25,8.41,6.03,60.55,55.67,85.02,60.41,32.0,48.08,,252.22,22.556973,88.4940996,"2024-04-22 07:20:05.632414"
765,3.89,4.38,8.39,6.47,65.98,51.05,86.25,59.87,32.0,49.79,,253.16,22.556973,88.4940996,"2024-04-22 07:20:10.673807"
766,5.4,4.12,9.0,6.42,59.71,51.44,83.94,61.98,32.0,49.1,,252.12,22.556973,88.4940996,"2024-04-22 07:20:15.702414"
767,5.32,4.15,8.34,6.37,54.51,54.34,83.23,59.88,32.0,49.31,,252.4,22.556973,88.4940996,"2024-04-22 07:20:20.732854"
768,5.0,5.0,9.58,6.07,56.84,53.11,86.89,59.57,32.0,46.29,,252.14,22.556973,88.4940996,"2024-04-22 07:20:25.766919"
769,3.55,4.75,8.99,6.47,61.61,56.69,81.79,60.64,32.0,46.48,,253.16,22.556973,88.4940996,"2024-04-22 07:20:30.796482"
770,4.79,4.37,9.4,6.1,64.54,56.21,86.03,61.69,32.0,48.62,,251.65,22.556973,88.4940996,"2024-04-22 07:20:35.838953"
771,5.2,4.28,9.64,5.66,55.51,50.43,81.82,59.51,32.0,48.32,,251.97,22.556973,88.4940996,"2024-04-22 07:20:40.873368"
772,3.67,4.17,9.77,5.69,60.45,55.36,84.93,60.36,32.0,47.8,,251.98,22.556973,88.4940996,"2024-04-22 08:20:48.406404"
773,4.21,4.65,9.06,5.68,60.47,56.13,86.63,61.86,32.0,49.21,,252.15,22.556973,88.4940996,"2024-04-22 08:20:53.435908"
774,3.25,4.84,8.89,5.96,57.25,52.02,84.04,59.18,32.0,47.22,,252.9,22.556973,88.4940996,"2024-04-22 08:20:58.468637"
775,3.63,4.42,9.51,6.21,60.66,55.34,81.56,61.86,32.0,47.53,,251.69,22.556973,88.4940996,"2024-04-22 08:21:03.497286"
776,4.47,4.85,8.51,6.23,64.67,55.19,81.11,61.92,32.0,48.5,,252.2,22.556973,88.4940996,"2024-04-22 08:21:08.564283"
777,4.63,4.72,8.57,6.2,62.61,50.66,85.56,60.91,32.0,47.41,,252.61,22.556973,88.4940996,"2024-04-22 08:21:13.592806"
778,4.12,4.83,8.46,6.51,65.37,55.23,85.23,62.29,32.0,48.36,,252.45,22.556973,88.4940996,"2024-04-22 08:21:18.616925"
779,5.26,4.06,8.24,5.57,63.24,51.85,82.5,59.72,32.0,46.24,,253.35,22.556973,88.4940996,"2024-04-22 08:21:23.648587"
780,4.68,5.45,8.61,6.55,58.45,54.34,87.39,59.37,32.0,47.66,,253.22,22.556973,88.4940996,"2024-04-22 08:21:28.677848"
781,4.58,5.02,9.54,5.78,63.52,52.35,80.37,58.6,32.0,47.38,,252.64,22.556973,88.4940996,"2024-04-22 08:21:33.711655"
782,5.47,5.24,8.76,6.31,60.09,55.82,81.53,59.41,32.0,47.54,,253.16,22.556973,88.4940996,"2024-04-22 08:21:38.736438"
783,5.16,4.69,8.8,5.7,60.02,52.27,87.37,60.17,32.0,48.83,,251.65,22.556973,88.4940996,"2024-04-22 08:21:43.770373"
784,5.25,4.8,9.43,6.09,56.86,53.59,86.74,58.28,32.0,47.54,,253.43,22.556973,88.4940996,"2024-04-22 08:21:48.802308"
785,3.78,4.68,8.24,6.02,63.14,52.29,85.99,58.27,32.0,47.94,,252.67,22.556973,88.4940996,"2024-04-22 08:21:53.833348"
786,5.45,5.19,9.46,6.25,59.26,51.52,85.51,61.99,32.0,47.1,,251.51,22.556973,88.4940996,"2024-04-22 08:21:58.866576"
787,3.94,4.75,9.51,6.41,61.44,50.43,86.35,59.18,32.0,46.84,,251.68,22.556973,88.4940996,"2024-04-22 08:22:03.899782"
788,3.67,4.16,9.08,6.05,58.27,56.29,81.92,60.67,32.0,46.54,,252.89,22.556973,88.4940996,"2024-04-22 08:22:08.927932"
789,4.64,5.48,8.85,5.71,57.89,51.05,82.33,60.07,32.0,47.68,,252.89,22.556973,88.4940996,"2024-04-22 08:22:13.989087"
790,3.83,4.66,8.27,5.71,56.21,56.76,81.86,62.2,32.0,48.91,,251.61,22.556973,88.4940996,"2024-04-22 08:22:19.036149"
791,3.23,5.12,9.61,6.46,60.09,53.17,81.18,61.26,32.0,48.69,,252.77,22.556973,88.4940996,"2024-04-22 08:22:24.069828"
792,4.29,4.04,8.77,6.13,54.67,54.49,86.34,60.05,32.0,47.48,,252.73,22.556973,88.4940996,"2024-04-22 08:22:29.092563"
793,3.64,4.5,8.31,6.02,62.05,56.4,82.74,58.77,32.0,48.55,,253.27,22.556973,88.4940996,"2024-04-22 08:22:34.123586"
794,4.68,4.61,8.82,6.51,54.69,55.27,85.68,58.56,32.0,46.32,,253.31,22.556973,88.4940996,"2024-04-22 08:22:39.156755"
795,3.52,4.61,9.72,6.52,57.27,55.28,84.04,62.14,32.0,47.25,,252.03,22.556973,88.4940996,"2024-04-22 08:22:44.218119"
796,4.16,4.15,9.59,5.75,58.76,54.83,80.38,61.02,32.0,50.0,,253.42,22.556973,88.4940996,"2024-04-22 08:22:49.249958"
797,3.24,5.31,9.35,6.53,64.03,54.41,82.74,60.39,32.0,48.32,,252.64,22.556973,88.4940996,"2024-04-22 08:22:54.279073"
798,3.66,4.52,9.52,5.94,61.22,54.36,83.46,62.09,32.0,47.88,,251.8,22.556973,88.4940996,"2024-04-22 08:22:59.310459"
799,5.25,4.61,8.31,6.56,63.62,50.51,83.55,62.14,32.0,47.17,,251.84,22.556973,88.4940996,"2024-04-22 08:23:04.344163"
800,5.36,4.83,8.92,5.95,65.43,51.26,87.18,58.6,32.0,49.99,,252.76,22.556973,88.4940996,"2024-04-22 08:23:09.379538"
801,4.01,5.37,9.59,6.34,62.48,57.0,82.43,59.84,32.0,48.88,,252.13,22.556973,88.4940996,"2024-04-22 08:23:14.410659"
802,3.33,4.48,8.49,6.53,55.71,51.67,81.21,60.81,32.0,48.6,,251.76,22.556973,88.4940996,"2024-04-22 08:23:19.444583"
803,3.9,4.78,9.16,6.37,60.34,57.85,82.76,61.52,32.0,48.13,,251.59,22.556973,88.4940996,"2024-04-22 08:23:24.475974"
804,5.11,4.43,9.3,5.81,55.67,53.08,86.21,61.9,32.0,49.51,,253.07,22.556973,88.4940996,"2024-04-22 08:23:29.505088"
805,4.59,4.28,8.22,6.24,60.53,51.17,85.67,62.15,32.0,49.25,,251.81,22.556973,88.4940996,"2024-04-22 08:23:34.540753"
806,3.7,4.66,9.28,6.43,58.84,53.43,86.89,58.72,32.0,49.99,,252.65,22.556973,88.4940996,"2024-04-22 08:23:39.571458"
807,3.34,5.29,8.23,5.95,62.59,55.09,82.11,62.11,32.0,47.15,,252.56,22.556973,88.4940996,"2024-04-22 08:23:44.608629"
808,4.69,5.28,9.35,5.89,65.57,50.81,81.39,58.47,32.0,48.67,,252.21,22.556973,88.4940996,"2024-04-22 08:23:49.652873"
809,4.24,4.14,9.28,6.23,62.35,53.54,83.05,60.41,32.0,49.53,,251.56,22.556973,88.4940996,"2024-04-22 08:23:54.683052"
810,3.78,4.72,9.66,5.9,58.36,55.85,86.66,62.15,32.0,47.38,,252.73,22.556973,88.4940996,"2024-04-22 08:23:59.715293"
811,3.68,4.75,9.59,6.49,55.04,52.97,83.6,58.37,32.0,48.04,,253.16,22.556973,88.4940996,"2024-04-22 08:24:04.750351"
812,3.48,4.21,8.52,6.56,62.09,55.98,87.0,61.94,32.0,47.37,,253.29,22.556973,88.4940996,"2024-04-22 08:24:09.789519"
813,4.71,4.06,8.6,6.32,54.17,54.69,84.57,62.26,32.0,48.9,,253.25,22.556973,88.4940996,"2024-04-22 08:24:14.818870"
814,4.47,4.99,8.47,6.31,57.74,52.71,83.6,60.17,32.0,49.61,,252.09,22.556973,88.4940996,"2024-04-22 08:24:19.852300"
815,5.29,4.66,8.46,6.24,55.84,50.33,87.92,61.54,32.0,46.25,,252.75,22.556973,88.4940996,"2024-04-22 08:24:24.881318"
816,5.18,4.08,9.77,5.81,62.15,57.96,81.47,59.79,32.0,48.2,,253.05,22.556973,88.4940996,"2024-04-22 08:24:29.908699"
817,3.53,5.3,9.36,6.45,62.28,50.43,85.28,60.46,32.0,49.76,,252.58,22.556973,88.4940996,"2024-04-22 08:24:34.947403"
818,3.49,4.66,9.78,5.92,61.95,55.13,84.79,61.78,32.0,49.75,,251.69,22.556973,88.4940996,"2024-04-22 08:24:39.973128"
819,4.74,5.36,8.91,6.3,55.04,55.99,84.73,59.35,32.0,49.0,,251.51,22.556973,88.4940996,"2024-04-22 08:24:45.002131"
820,4.37,4.15,9.04,5.93,59.17,57.77,86.69,58.38,32.0,47.05,,252.43,22.556973,88.4940996,"2024-04-22 08:24:50.029284"
821,3.91,4.41,8.58,5.58,59.63,52.7,85.21,60.61,32.0,46.79,,252.29,22.556973,88.4940996,"2024-04-22 08:24:55.055090"
822,5.21,4.19,9.14,6.11,61.07,50.1,82.56,61.87,32.0,48.27,,252.91,22.556973,88.4940996,"2024-04-22 08:25:00.080896"
823,3.52,4.85,8.67,6.17,54.2,50.33,87.58,61.04,32.0,49.23,,251.94,22.556973,88.4940996,"2024-04-22 08:25:05.117896"
824,3.74,5.06,9.12,6.48,59.85,54.45,84.13,60.88,32.0,49.82,,252.89,22.556973,88.4940996,"2024-04-22 08:25:10.147821"
825,4.24,5.0,9.42,6.14,64.95,50.08,81.51,61.36,32.0,49.63,,251.76,22.556973,88.4940996,"2024-04-22 08:25:15.240843"
826,5.21,5.44,8.73,5.58,55.7,55.9,81.95,59.32,32.0,47.84,,252.97,22.556973,88.4940996,"2024-04-22 08:25:20.270246"
827,3.77,4.56,8.84,6.2,54.27,51.58,87.95,60.57,32.0,49.63,,252.31,22.556973,88.4940996,"2024-04-22 08:25:25.296206"
828,3.28,4.33,8.94,5.51,64.5,56.23,80.72,61.79,32.0,47.83,,252.25,22.556973,88.4940996,"2024-04-22 08:25:30.325680"
829,3.93,5.09,8.22,6.02,65.99,51.84,85.17,58.84,32.0,49.58,,253.09,22.556973,88.4940996,"2024-04-22 08:25:35.350687"
830,4.04,5.49,8.33,5.88,62.09,53.47,86.84,61.88,32.0,47.8,,253.27,22.556973,88.4940996,"2024-04-22 08:25:40.373493"
831,4.0,4.6,9.27,6.19,59.37,57.54,87.58,58.96,32.0,48.37,,252.01,22.556973,88.4940996,"2024-04-22 08:25:45.403296"
832,5.15,5.09,8.83,6.01,64.29,53.73,87.57,59.15,32.0,46.78,,251.77,22.556973,88.4940996,"2024-04-22 08:25:50.436366"
833,3.24,4.2,8.36,5.59,56.34,55.2,81.11,59.29,32.0,49.17,,253.03,22.556973,88.4940996,"2024-04-22 08:25:55.463062"
834,5.08,5.13,8.44,5.65,60.63,50.26,87.79,61.34,32.0,49.67,,252.45,22.556973,88.4940996,"2024-04-22 08:26:00.498605"
835,3.63,4.63,8.37,6.35,56.23,52.13,81.23,59.15,32.0,47.24,,253.16,22.556973,88.4940996,"2024-04-22 08:26:05.531448"
836,4.48,5.33,8.88,6.28,58.35,53.53,85.96,61.24,32.0,47.35,,253.45,22.556973,88.4940996,"2024-04-22 08:26:10.557546"
837,4.34,4.05,9.12,5.67,55.79,53.08,82.23,61.71,32.0,49.84,,252.06,22.556973,88.4940996,"2024-04-22 08:26:15.585145"
838,3.86,4.86,8.92,6.26,62.13,56.47,84.22,62.18,32.0,46.87,,252.73,22.556973,88.4940996,"2024-04-22 08:26:20.617405"
839,4.03,4.43,9.53,6.31,65.72,50.99,81.76,58.69,32.0,48.08,,251.7,22.556973,88.4940996,"2024-04-22 08:26:25.645715"
840,3.51,4.38,8.34,6.52,65.67,52.6,83.59,59.8,32.0,47.37,,252.86,22.556973,88.4940996,"2024-04-22 08:26:30.675720"
841,4.67,4.98,9.48,6.31,60.65,56.55,84.45,59.55,32.0,47.46,,252.38,22.556973,88.4940996,"2024-04-22 08:26:35.705811"
842,5.35,4.61,8.71,6.02,63.96,51.67,87.48,61.51,32.0,47.68,,253.24,22.556973,88.4940996,"2024-04-22 08:26:40.733417"
843,4.28,4.06,8.68,5.74,57.54,54.94,84.75,59.61,32.0,47.74,,252.03,22.556973,88.4940996,"2024-04-22 08:26:45.757184"
844,3.26,4.23,9.43,6.21,54.99,56.84,86.98,58.21,32.0,49.92,,252.55,22.556973,88.4940996,"2024-04-22 08:26:50.783206"
845,5.49,4.6,8.86,6.55,62.68,50.21,85.55,60.09,32.0,47.46,,252.89,22.556973,88.4940996,"2024-04-22 08:26:55.808712"
846,5.12,4.67,9.12,6.51,55.97,51.65,80.97,61.14,32.0,49.43,,252.24,22.556973,88.4940996,"2024-04-22 08:27:00.845623"
847,4.47,4.89,8.95,6.14,57.24,50.4,86.55,59.49,32.0,49.92,,251.78,22.556973,88.4940996,"2024-04-22 08:27:05.877332"
848,4.14,4.35,9.23,6.42,56.67,54.18,82.87,60.93,32.0,48.7,,252.13,22.556973,88.4940996,"2024-04-22 08:27:10.904513"
849,4.32,5.41,8.89,6.46,56.38,57.18,86.78,61.58,32.0,49.8,,253.01,22.556973,88.4940996,"2024-04-22 08:27:15.940625"
850,3.38,5.2,9.22,5.62,61.41,57.72,82.58,61.15,32.0,49.22,,251.55,22.556973,88.4940996,"2024-04-22 08:27:20.970664"
851,4.08,4.92,8.69,6.47,57.45,51.43,83.93,61.79,32.0,46.59,,252.82,22.556973,88.4940996,"2024-04-22 08:27:26.001085"
852,5.11,4.84,9.14,5.78,54.74,53.38,80.89,61.57,32.0,49.65,,252.15,22.556973,88.4940996,"2024-04-22 08:27:31.033987"
853,3.78,5.22,9.13,6.42,58.01,54.89,86.35,58.25,32.0,48.92,,253.13,22.556973,88.4940996,"2024-04-22 08:27:36.060652"
854,3.69,5.11,9.5,5.51,56.58,53.36,87.62,60.67,32.0,47.57,,253.38,22.556973,88.4940996,"2024-04-22 08:27:41.088883"
855,4.72,4.87,8.4,5.75,59.36,52.58,87.97,59.77,32.0,46.62,,251.97,22.556973,88.4940996,"2024-04-22 08:27:46.127217"
856,3.6,5.05,8.27,6.18,63.15,57.74,80.06,60.25,32.0,46.76,,252.07,22.556973,88.4940996,"2024-04-22 08:27:51.158206"
857,4.84,4.14,8.94,6.24,55.69,56.12,86.35,59.63,32.0,47.57,,253.03,22.556973,88.4940996,"2024-04-22 08:27:56.185380"
858,4.89,4.59,9.42,6.27,64.16,52.83,83.36,59.5,32.0,46.68,,252.16,22.556973,88.4940996,"2024-04-22 08:28:01.226611"
859,3.78,4.0,8.95,6.45,60.7,57.31,85.01,59.96,32.0,49.1,,252.22,22.556973,88.4940996,"2024-04-22 08:28:06.253685"
860,3.34,4.73,8.73,6.1,61.22,53.12,81.05,60.49,32.0,46.99,,251.75,22.556973,88.4940996,"2024-04-22 08:28:11.278698"
861,4.78,5.48,8.84,6.53,65.32,53.68,83.38,59.09,32.0,48.55,,252.16,22.556973,88.4940996,"2024-04-22 08:28:16.303328"
862,4.01,5.01,8.62,5.59,60.55,50.66,86.69,59.93,32.0,48.51,,251.91,22.556973,88.4940996,"2024-04-22 08:28:21.330797"
863,4.05,4.57,8.33,5.62,59.26,56.45,80.55,61.86,32.0,48.37,,251.64,22.556973,88.4940996,"2024-04-22 08:28:26.357905"
864,3.27,5.22,9.7,6.18,65.91,56.28,87.88,61.42,32.0,49.94,,251.98,22.556973,88.4940996,"2024-04-22 08:28:31.394082"
865,5.16,4.14,9.62,5.77,57.51,53.66,87.29,58.23,32.0,47.06,,251.96,22.556973,88.4940996,"2024-04-22 08:28:36.426436"
866,3.5,4.73,9.14,5.87,58.71,50.03,87.37,61.88,32.0,49.2,,252.63,22.556973,88.4940996,"2024-04-22 08:28:41.455780"
867,4.56,5.18,9.77,5.85,54.15,55.81,84.24,60.15,32.0,47.46,,253.44,22.556973,88.4940996,"2024-04-22 08:28:46.486843"
868,4.27,5.25,8.79,6.12,55.36,55.84,86.45,59.36,32.0,47.31,,252.42,22.556973,88.4940996,"2024-04-22 08:28:51.514924"
869,4.57,5.18,9.12,6.59,59.58,56.53,87.4,58.59,32.0,46.87,,252.41,22.556973,88.4940996,"2024-04-22 08:28:56.538013"
870,3.8,4.73,8.81,5.9,63.77,52.59,81.46,59.96,32.0,47.48,,252.89,22.556973,88.4940996,"2024-04-22 08:29:01.565987"
871,4.75,5.29,8.46,6.42,63.68,52.54,80.09,59.92,32.0,47.48,,253.19,22.556973,88.4940996,"2024-04-22 08:29:06.591184"
872,5.36,4.89,9.74,6.58,56.68,53.77,86.89,59.1,32.0,47.56,,251.59,22.556973,88.4940996,"2024-04-22 08:29:11.622116"
873,4.69,4.8,9.54,6.54,60.38,57.1,87.54,59.66,32.0,49.66,,251.52,22.556973,88.4940996,"2024-04-22 08:29:16.649780"
874,3.92,4.22,8.38,6.02,61.96,50.15,82.89,61.83,32.0,46.64,,253.44,22.556973,88.4940996,"2024-04-22 08:29:21.678018"
875,3.68,4.15,8.42,6.14,63.52,54.82,84.02,58.65,32.0,49.14,,252.91,22.556973,88.4940996,"2024-04-22 08:29:26.710093"
876,5.44,5.24,8.27,5.78,63.73,54.07,83.75,60.52,32.0,46.63,,253.45,22.556973,88.4940996,"2024-04-22 08:29:31.741095"
877,4.62,4.1,8.22,5.8,64.44,53.3,83.98,60.69,32.0,47.29,,251.81,22.556973,88.4940996,"2024-04-22 08:29:36.771048"
878,3.38,4.06,8.91,5.84,59.52,53.57,84.87,61.87,32.0,46.59,,253.35,22.556973,88.4940996,"2024-04-22 08:29:41.802251"
879,4.2,4.48,8.7,6.36,64.69,50.26,82.01,61.22,32.0,47.42,,251.83,22.556973,88.4940996,"2024-04-22 08:29:46.832902"
880,4.61,4.15,9.4,6.42,55.98,52.99,81.39,58.76,32.0,49.51,,253.48,22.556973,88.4940996,"2024-04-22 08:29:51.858690"
881,3.25,4.01,8.65,5.89,61.45,51.16,85.15,60.64,32.0,48.26,,252.07,22.556973,88.4940996,"2024-04-22 08:29:56.891496"
882,4.65,4.03,8.3,6.48,64.86,53.28,86.9,60.34,32.0,49.24,,251.67,22.556973,88.4940996,"2024-04-22 08:30:01.930137"
883,4.47,5.5,9.62,5.85,63.08,51.81,84.16,62.0,32.0,48.28,,252.27,22.556973,88.4940996,"2024-04-22 08:30:06.958550"
884,3.46,4.62,9.03,6.21,55.86,56.93,84.05,58.65,32.0,47.66,,253.14,22.556973,88.4940996,"2024-04-22 08:30:12.001622"
885,4.02,5.26,9.63,6.33,57.55,50.68,86.11,60.1,32.0,46.83,,253.15,22.556973,88.4940996,"2024-04-22 08:30:17.039552"
886,4.97,5.04,9.0,6.0,63.04,56.3,87.8,59.28,32.0,47.14,,253.15,22.556973,88.4940996,"2024-04-22 08:30:22.085516"
887,4.52,4.32,8.73,6.06,59.31,54.51,82.69,59.77,32.0,46.42,,253.48,22.556973,88.4940996,"2024-04-22 08:30:27.122288"
888,3.74,5.34,8.92,6.19,61.4,54.8,81.37,58.79,32.0,46.89,,253.01,22.556973,88.4940996,"2024-04-22 08:30:32.156859"
889,5.3,4.96,8.23,6.02,56.5,54.77,86.86,62.15,32.0,48.33,,252.24,22.556973,88.4940996,"2024-04-22 08:30:37.185618"
890,5.08,5.01,8.63,6.52,54.42,51.93,81.85,61.86,32.0,47.69,,252.08,22.556973,88.4940996,"2024-04-22 08:30:42.215919"
891,4.08,4.54,9.76,5.91,60.94,51.9,80.73,61.78,32.0,46.61,,252.0,22.556973,88.4940996,"2024-04-22 08:30:47.241730"
892,5.47,4.88,8.56,5.84,58.9,52.64,83.36,59.31,32.0,49.87,,252.37,22.556973,88.4940996,"2024-04-22 08:30:52.362082"
893,5.43,4.92,9.56,6.31,56.91,57.62,85.0,58.85,32.0,49.31,,252.81,22.556973,88.4940996,"2024-04-22 08:30:57.393291"
894,4.33,4.03,9.46,5.76,58.21,53.98,86.42,58.67,32.0,47.54,,251.88,22.556973,88.4940996,"2024-04-22 08:31:02.420719"
895,3.55,4.08,9.5,6.53,55.25,50.99,87.18,61.57,32.0,47.56,,253.38,22.556973,88.4940996,"2024-04-22 08:31:07.452679"
896,4.33,5.45,9.07,6.15,58.63,51.38,84.6,59.77,32.0,47.13,,252.14,22.556973,88.4940996,"2024-04-22 08:31:12.480991"
897,5.48,5.48,8.34,6.05,54.04,51.15,87.84,59.12,32.0,46.39,,251.89,22.556973,88.4940996,"2024-04-22 08:31:17.540518"
898,4.18,5.46,9.39,6.06,62.27,52.8,80.07,60.69,32.0,46.47,,252.15,22.556973,88.4940996,"2024-04-22 08:31:22.565598"
899,3.3,4.26,9.67,6.49,56.99,54.38,80.08,58.29,32.0,49.11,,251.83,22.556973,88.4940996,"2024-04-22 08:31:27.591284"
900,5.11,5.39,9.33,5.75,55.64,56.7,86.79,60.97,32.0,49.47,,252.63,22.556973,88.4940996,"2024-04-22 08:31:32.615885"
901,4.97,4.8,9.49,5.71,55.17,53.45,82.36,61.39,32.0,47.79,,252.81,22.556973,88.4940996,"2024-04-22 08:31:37.639864"
902,3.37,4.25,9.28,6.26,64.03,51.5,87.65,60.91,32.0,47.7,,252.67,22.556973,88.4940996,"2024-04-22 08:31:42.664336"
903,5.19,4.1,8.77,5.9,65.6,51.01,86.86,61.89,32.0,48.2,,252.45,22.556973,88.4940996,"2024-04-22 08:31:47.687830"
904,4.38,5.17,9.74,5.81,58.21,50.32,83.52,60.86,32.0,49.13,,253.12,22.556973,88.4940996,"2024-04-22 08:31:52.713250"
905,5.02,5.1,9.53,5.69,58.28,54.04,81.69,59.25,32.0,47.63,,251.75,22.556973,88.4940996,"2024-04-22 08:31:57.745652"
906,3.46,4.17,9.01,6.42,61.09,50.78,82.52,61.07,32.0,49.62,,252.46,22.556973,88.4940996,"2024-04-22 08:32:02.771813"
907,5.36,5.31,9.45,6.3,56.04,50.21,84.46,60.03,32.0,48.13,,251.83,22.556973,88.4940996,"2024-04-22 08:32:07.803483"
908,3.65,5.44,8.62,6.54,63.05,55.14,80.03,62.17,32.0,46.78,,253.34,22.556973,88.4940996,"2024-04-22 08:32:12.830520"
909,3.69,4.88,9.18,5.69,55.15,55.04,84.64,61.46,32.0,48.9,,252.07,22.556973,88.4940996,"2024-04-22 08:32:17.859466"
910,5.1,4.65,8.85,6.51,61.61,52.06,82.57,59.52,32.0,48.29,,251.67,22.556973,88.4940996,"2024-04-22 08:32:22.885350"
911,4.18,4.33,9.75,5.65,62.43,55.69,81.88,60.77,32.0,47.94,,253.4,22.556973,88.4940996,"2024-04-22 08:32:27.911074"
912,3.46,4.93,8.65,5.9,59.51,50.79,83.69,60.04,32.0,49.03,,252.17,22.556973,88.4940996,"2024-04-22 08:32:32.939567"
913,4.95,4.93,9.08,5.89,65.75,50.33,85.38,59.5,32.0,48.65,,253.3,22.556973,88.4940996,"2024-04-22 08:32:37.972344"
914,3.73,4.55,8.34,6.4,64.32,52.27,80.63,60.71,32.0,48.26,,253.39,22.556973,88.4940996,"2024-04-22 08:32:43.002722"
915,3.87,4.4,9.42,6.23,55.27,50.66,82.98,61.85,32.0,47.22,,253.01,22.556973,88.4940996,"2024-04-22 08:32:48.031895"
916,4.54,4.21,9.48,5.81,56.58,51.67,85.19,61.05,32.0,46.79,,253.44,22.556973,88.4940996,"2024-04-22 08:32:53.057443"
917,3.65,5.34,9.38,6.04,59.43,54.31,87.54,60.25,32.0,46.29,,252.2,22.556973,88.4940996,"2024-04-22 08:32:58.089281"
918,3.28,4.22,8.39,6.06,55.14,51.42,83.33,61.67,32.0,49.97,,253.05,22.556973,88.4940996,"2024-04-22 08:33:03.119019"
919,3.39,5.04,9.12,6.56,62.85,54.31,86.16,60.72,32.0,47.43,,252.06,22.556973,88.4940996,"2024-04-22 08:33:08.147485"
920,3.23,4.37,9.76,5.64,58.79,52.54,86.78,61.64,32.0,47.15,,252.23,22.556973,88.4940996,"2024-04-22 08:33:13.178900"
921,3.36,4.59,8.22,5.64,63.12,53.46,82.68,58.99,32.0,48.26,,251.96,22.556973,88.4940996,"2024-04-22 08:33:18.211309"
922,5.3,4.61,8.32,5.71,61.5,54.13,87.33,61.39,32.0,49.5,,252.88,22.556973,88.4940996,"2024-04-22 08:33:23.239808"
923,4.77,5.22,9.55,5.81,63.37,57.66,85.95,58.96,32.0,49.51,,251.73,22.556973,88.4940996,"2024-04-22 08:33:28.272196"
924,3.58,4.04,8.22,5.8,55.66,54.84,81.74,58.34,32.0,46.24,,253.07,22.556973,88.4940996,"2024-04-22 08:33:33.297383"
925,5.11,4.18,8.48,6.06,58.49,52.99,84.6,59.17,32.0,47.86,,253.19,22.556973,88.4940996,"2024-04-22 08:33:38.321955"
926,4.28,4.32,8.74,5.85,54.57,55.98,81.09,59.14,32.0,46.49,,252.41,22.556973,88.4940996,"2024-04-22 08:33:43.350505"
927,4.37,4.0,8.86,5.74,65.87,52.45,84.08,58.87,32.0,47.18,,252.88,22.556973,88.4940996,"2024-04-22 08:33:48.375499"
928,4.48,5.1,8.25,6.11,59.71,51.79,80.44,58.23,32.0,50.0,,253.07,22.556973,88.4940996,"2024-04-22 08:33:53.398259"
929,4.65,4.29,9.42,6.02,63.51,55.52,81.14,60.41,32.0,48.86,,251.88,22.556973,88.4940996,"2024-04-22 08:33:58.428789"
930,3.58,4.95,8.58,5.6,55.69,55.28,81.72,59.04,32.0,46.79,,251.91,22.556973,88.4940996,"2024-04-22 08:34:03.459468"
931,3.99,4.65,9.32,6.13,62.9,54.01,81.47,59.79,32.0,49.7,,251.66,22.556973,88.4940996,"2024-04-22 08:34:08.488800"
932,4.18,5.08,8.62,5.8,65.6,54.49,82.58,62.17,32.0,49.05,,252.57,22.556973,88.4940996,"2024-04-22 08:34:13.518524"
933,3.45,5.21,8.65,5.56,61.25,53.85,82.48,61.2,32.0,48.17,,252.14,22.556973,88.4940996,"2024-04-22 08:34:18.558297"
934,3.78,5.03,9.78,5.56,59.32,55.79,86.47,59.08,32.0,46.88,,253.48,22.556973,88.4940996,"2024-04-22 08:34:23.586309"
935,4.45,4.38,9.6,6.33,64.55,54.93,82.73,59.79,32.0,48.68,,251.85,22.556973,88.4940996,"2024-04-22 08:34:28.614512"
936,4.41,4.93,8.96,6.29,56.88,51.14,86.33,60.29,32.0,48.97,,253.32,22.556973,88.4940996,"2024-04-22 09:18:30.925377"
937,5.18,4.68,8.7,6.26,54.64,55.67,84.84,58.88,32.0,48.33,,253.22,22.556973,88.4940996,"2024-04-22 09:18:35.964181"
938,4.19,4.65,9.32,5.5,56.42,50.68,87.39,58.93,32.0,47.49,,252.59,22.556973,88.4940996,"2024-04-22 09:18:40.999498"
939,4.92,4.94,9.17,5.9,59.18,56.96,81.37,61.4,32.0,49.32,,252.07,22.556973,88.4940996,"2024-04-22 09:18:46.028770"
940,3.71,4.57,8.63,5.87,58.26,52.53,84.64,61.66,32.0,49.45,,252.99,22.556973,88.4940996,"2024-04-22 09:18:51.062485"
941,3.95,4.57,9.22,6.49,61.84,56.56,80.98,58.23,32.0,47.81,,251.99,22.556973,88.4940996,"2024-04-22 09:18:56.090026"
942,4.16,4.38,8.85,5.8,64.48,52.96,86.82,60.89,32.0,48.78,,252.73,22.556973,88.4940996,"2024-04-22 09:19:01.123225"
943,5.32,5.29,8.4,5.89,58.17,54.35,85.68,60.33,32.0,48.43,,251.77,22.556973,88.4940996,"2024-04-22 09:19:06.153331"
944,3.81,4.23,9.42,6.19,64.92,53.83,87.3,58.34,32.0,48.04,,253.32,22.556973,88.4940996,"2024-04-22 09:19:11.180694"
945,5.23,4.12,9.77,6.57,65.38,55.2,83.61,60.42,32.0,46.88,,252.89,22.556973,88.4940996,"2024-04-22 09:19:16.207623"
946,4.74,4.98,8.88,6.09,57.7,53.43,80.13,59.5,32.0,47.69,,252.01,22.556973,88.4940996,"2024-04-22 09:19:21.270051"
947,3.46,4.41,8.97,5.7,56.49,51.89,86.52,59.81,32.0,47.5,,252.75,22.556973,88.4940996,"2024-04-22 09:19:26.299548"
948,4.56,4.47,8.43,5.92,57.21,54.38,82.15,58.69,32.0,47.65,,251.62,22.556973,88.4940996,"2024-04-22 09:19:31.333660"
949,4.47,5.06,8.31,6.59,57.71,51.39,83.89,60.91,32.0,47.66,,253.47,22.556973,88.4940996,"2024-04-22 09:19:36.359600"
950,5.2,4.43,8.89,6.43,65.74,52.54,86.58,60.18,32.0,46.27,,252.53,22.556973,88.4940996,"2024-04-22 09:19:41.386450"
951,4.24,5.3,9.73,6.4,56.71,53.32,85.19,58.55,32.0,46.6,,252.8,22.556973,88.4940996,"2024-04-22 09:19:46.410308"
952,4.25,5.34,8.26,5.61,60.84,57.01,80.86,60.53,32.0,49.89,,252.76,22.556973,88.4940996,"2024-04-22 09:19:51.441062"
953,5.07,4.15,8.66,6.5,54.97,54.52,86.05,59.4,32.0,47.18,,253.32,22.556973,88.4940996,"2024-04-22 09:19:56.467136"
954,3.48,4.08,8.37,6.28,56.86,55.82,81.99,59.14,32.0,49.37,,251.62,22.556973,88.4940996,"2024-04-22 09:20:01.496353"
955,3.92,4.07,8.62,6.54,56.76,54.25,83.52,59.95,32.0,46.23,,251.99,22.556973,88.4940996,"2024-04-22 09:20:06.523964"
956,3.68,4.45,8.68,5.95,57.62,50.91,87.76,59.74,32.0,46.67,,253.22,22.556973,88.4940996,"2024-04-22 09:20:11.546029"
957,3.9,4.55,8.59,6.14,62.11,52.85,87.88,60.69,32.0,46.41,,252.05,22.556973,88.4940996,"2024-04-22 09:20:16.573319"
958,5.48,4.6,9.78,6.55,64.22,54.28,83.06,60.51,32.0,46.88,,251.63,22.556973,88.4940996,"2024-04-22 09:20:21.601786"
959,3.69,4.69,8.3,5.72,58.04,54.96,85.48,62.01,32.0,46.26,,252.67,22.556973,88.4940996,"2024-04-22 09:20:26.633832"
960,3.23,4.31,8.76,6.58,57.22,55.19,81.67,58.86,32.0,47.91,,252.32,22.556973,88.4940996,"2024-04-22 09:20:31.662622"
961,3.96,4.46,9.16,6.37,64.08,54.84,84.61,59.43,32.0,48.86,,252.9,22.556973,88.4940996,"2024-04-22 09:20:36.694297"
962,5.02,4.18,9.35,6.1,59.12,54.8,80.83,58.85,32.0,49.12,,252.48,22.556973,88.4940996,"2024-04-22 09:20:41.718812"
963,4.33,4.19,9.41,6.41,56.73,56.01,84.93,58.3,32.0,47.54,,253.13,22.556973,88.4940996,"2024-04-22 09:20:46.766266"
964,3.84,4.02,8.32,5.92,55.42,50.46,87.85,59.63,32.0,46.84,,251.78,22.556973,88.4940996,"2024-04-22 09:20:51.808624"
965,3.95,4.19,9.75,5.94,57.71,50.84,81.29,59.01,32.0,48.26,,251.62,22.556973,88.4940996,"2024-04-22 09:20:56.833654"
966,3.31,4.19,8.61,6.05,55.68,53.7,86.61,60.81,32.0,49.93,,252.34,22.556973,88.4940996,"2024-04-22 09:21:01.870793"
967,5.16,5.43,9.63,5.55,58.3,55.66,83.79,58.31,32.0,48.26,,252.95,22.556973,88.4940996,"2024-04-22 09:21:06.901472"
968,4.19,4.84,9.1,6.36,61.96,55.11,80.95,61.62,32.0,47.8,,252.03,22.556973,88.4940996,"2024-04-22 09:21:11.939442"
969,4.77,4.77,8.46,6.41,61.3,52.05,82.41,61.66,32.0,49.21,,251.65,22.556973,88.4940996,"2024-04-22 09:21:16.966847"
970,3.51,4.8,9.72,5.91,62.17,52.13,87.72,60.66,32.0,49.43,,251.88,22.556973,88.4940996,"2024-04-22 09:21:21.995623"
971,3.9,4.54,9.51,6.46,61.55,54.44,84.49,58.33,32.0,47.09,,253.01,22.556973,88.4940996,"2024-04-22 09:21:27.023266"
972,3.74,4.23,8.53,5.73,64.64,52.78,86.4,59.4,32.0,46.39,,251.66,22.556973,88.4940996,"2024-04-22 09:21:32.052923"
973,4.39,5.47,9.62,6.01,61.28,55.0,84.11,59.65,32.0,48.11,,252.23,22.556973,88.4940996,"2024-04-22 09:21:37.077423"
974,5.49,4.19,9.3,6.18,61.27,56.39,80.76,62.25,32.0,49.99,,251.93,22.556973,88.4940996,"2024-04-22 09:21:42.099296"
975,3.88,4.12,8.46,6.29,61.96,52.11,84.93,61.64,32.0,47.14,,252.08,22.556973,88.4940996,"2024-04-22 09:21:47.132825"
976,5.33,5.11,8.88,5.66,64.73,53.39,84.5,59.04,32.0,48.59,,253.24,22.556973,88.4940996,"2024-04-22 09:21:52.164330"
977,5.04,4.9,8.68,5.93,57.72,56.24,83.68,59.4,32.0,48.25,,252.48,22.556973,88.4940996,"2024-04-22 09:21:57.201543"
978,3.48,4.3,9.62,6.56,56.41,57.25,82.63,58.7,32.0,48.08,,252.88,22.556973,88.4940996,"2024-04-22 09:22:02.281293"
979,3.43,4.04,8.78,6.5,59.1,53.68,84.33,60.79,32.0,48.79,,252.19,22.556973,88.4940996,"2024-04-22 09:22:07.307864"
980,3.55,4.66,8.77,6.44,58.71,52.94,82.66,61.69,32.0,48.04,,252.6,22.556973,88.4940996,"2024-04-22 09:22:12.336466"
981,3.89,4.72,9.34,5.96,57.48,55.38,86.49,61.96,32.0,46.9,,253.04,22.556973,88.4940996,"2024-04-22 09:22:17.595259"
982,4.51,4.3,8.93,6.06,61.16,57.73,83.58,61.7,32.0,46.43,,252.42,22.556973,88.4940996,"2024-04-22 09:22:22.683816"
983,4.78,5.17,9.22,6.02,56.01,56.66,87.26,59.15,32.0,46.72,,252.7,22.556973,88.4940996,"2024-04-22 09:22:27.716895"
984,3.88,5.11,8.47,6.43,58.66,51.13,84.94,61.04,32.0,49.97,,252.98,22.556973,88.4940996,"2024-04-22 09:22:32.745302"
985,4.1,4.72,8.47,5.82,62.17,52.1,86.65,60.4,32.0,48.68,,252.4,22.556973,88.4940996,"2024-04-22 09:22:37.777719"
986,4.64,4.98,8.49,6.42,65.92,53.55,87.44,59.91,32.0,49.9,,253.32,22.556973,88.4940996,"2024-04-22 09:22:42.806866"
987,5.07,4.63,9.42,6.25,59.93,57.68,82.36,60.91,32.0,49.15,,252.27,22.556973,88.4940996,"2024-04-22 09:22:47.835576"
988,5.11,4.07,9.11,6.3,59.14,50.86,83.83,59.79,32.0,49.19,,252.65,22.556973,88.4940996,"2024-04-22 09:22:52.937185"
989,3.52,4.02,9.47,6.31,59.27,54.56,81.69,60.36,32.0,47.81,,251.99,22.556973,88.4940996,"2024-04-22 09:22:57.964514"
990,5.41,5.15,9.17,5.99,62.73,56.85,84.25,58.44,32.0,47.11,,252.29,22.556973,88.4940996,"2024-04-22 09:23:02.993451"
991,5.0,5.47,9.43,5.5,56.98,55.62,82.59,61.67,32.0,48.54,,251.73,22.556973,88.4940996,"2024-04-22 09:23:08.017187"
992,4.1,4.67,8.95,5.87,54.86,57.27,80.93,59.44,32.0,48.04,,252.55,22.556973,88.4940996,"2024-04-22 09:23:13.048172"
993,4.75,4.51,8.55,6.14,64.87,56.19,82.83,58.92,32.0,46.88,,251.92,22.556973,88.4940996,"2024-04-22 09:23:18.074680"
994,4.42,5.3,9.29,5.9,58.86,57.97,83.71,60.21,32.0,48.88,,253.05,22.556973,88.4940996,"2024-04-22 09:23:23.244530"
995,3.21,4.5,9.78,6.17,65.15,56.92,85.11,60.16,32.0,47.19,,253.06,22.556973,88.4940996,"2024-04-22 09:23:28.266964"
996,4.92,4.87,9.62,5.76,64.64,50.98,83.07,58.96,32.0,46.82,,251.59,22.556973,88.4940996,"2024-04-22 09:23:33.288761"
997,4.32,5.43,9.63,6.51,56.17,52.13,81.75,58.88,32.0,47.49,,252.38,22.556973,88.4940996,"2024-04-22 09:23:38.328146"
998,4.71,4.66,8.65,5.62,54.52,56.26,83.99,58.56,32.0,48.76,,253.43,22.556973,88.4940996,"2024-04-22 09:23:43.354200"
999,4.57,4.98,8.98,5.79,59.5,50.51,80.66,61.31,32.0,49.0,,251.55,22.556973,88.4940996,"2024-04-22 09:23:48.379127"
1000,4.68,4.04,8.63,6.47,57.06,56.49,87.59,60.19,32.0,47.32,,252.43,22.556973,88.4940996,"2024-04-22 09:23:53.406401"
1001,4.43,4.08,9.43,5.91,63.82,57.61,85.48,62.05,32.0,46.76,,252.18,22.556973,88.4940996,"2024-04-22 09:23:58.431953"
1002,3.55,5.09,8.23,5.82,63.37,55.45,84.96,59.28,32.0,48.26,,252.84,22.556973,88.4940996,"2024-04-22 09:24:03.457913"
1003,3.86,4.27,8.31,5.92,61.49,51.64,83.06,60.34,32.0,46.62,,253.23,22.556973,88.4940996,"2024-04-22 09:24:08.485928"
1004,4.49,4.44,9.58,5.77,57.96,56.95,84.79,62.04,32.0,47.28,,252.18,22.556973,88.4940996,"2024-04-22 09:24:13.514779"
1005,5.01,5.18,8.34,5.63,61.62,54.69,84.61,59.99,32.0,49.98,,252.37,22.556973,88.4940996,"2024-04-22 09:24:18.544939"
1006,4.44,4.66,8.29,6.57,57.24,53.22,87.32,61.19,32.0,47.12,,253.14,22.556973,88.4940996,"2024-04-22 09:24:23.613194"
1007,3.82,4.43,8.21,5.55,56.49,53.33,87.67,60.71,32.0,47.91,,251.75,22.556973,88.4940996,"2024-04-22 09:24:28.636589"
1008,4.2,5.12,9.05,6.15,55.69,57.55,82.28,60.21,32.0,46.97,,252.63,22.556973,88.4940996,"2024-04-22 09:24:33.667824"
1009,3.66,4.93,8.85,6.18,59.67,53.51,81.84,60.42,32.0,48.78,,253.3,22.556973,88.4940996,"2024-04-22 09:24:38.696946"
1010,4.83,5.06,8.5,6.39,63.76,53.93,84.54,58.72,32.0,48.83,,252.49,22.556973,88.4940996,"2024-04-22 09:24:43.730381"
1011,5.05,4.95,9.66,5.71,58.22,53.98,81.27,58.88,32.0,46.96,,252.33,22.556973,88.4940996,"2024-04-22 09:24:48.850580"
1012,5.33,5.02,8.5,6.18,63.07,53.52,84.42,58.87,32.0,47.47,,251.82,22.556973,88.4940996,"2024-04-22 09:24:53.876332"
1013,5.06,5.23,9.27,5.89,62.73,57.48,80.57,58.21,32.0,48.14,,252.29,22.556973,88.4940996,"2024-04-22 09:24:58.905773"
1014,4.74,4.78,9.5,6.39,59.87,51.52,80.56,58.79,32.0,49.74,,253.44,22.556973,88.4940996,"2024-04-22 09:25:03.935045"
1015,5.34,4.21,9.63,5.95,56.14,56.39,80.64,58.59,32.0,49.51,,252.55,22.556973,88.4940996,"2024-04-22 09:25:08.963466"
1016,3.86,4.1,9.01,5.57,64.05,55.79,80.63,58.82,32.0,49.32,,251.65,22.556973,88.4940996,"2024-04-22 09:25:14.003723"
1017,5.05,5.14,8.82,5.57,54.76,56.69,86.87,61.37,32.0,49.25,,252.72,22.556973,88.4940996,"2024-04-22 09:25:19.060477"
1018,4.21,4.86,9.13,6.46,62.78,54.67,80.89,59.69,32.0,48.07,,252.05,22.556973,88.4940996,"2024-04-22 09:25:24.088429"
1019,4.89,4.81,8.35,5.65,54.13,56.25,84.85,61.1,32.0,47.53,,251.73,22.556973,88.4940996,"2024-04-22 09:25:29.119210"
1020,3.84,5.13,8.37,6.39,56.85,50.19,86.71,59.43,32.0,49.18,,252.62,22.556973,88.4940996,"2024-04-22 09:25:34.157420"
1021,4.98,5.21,9.19,5.91,62.74,50.49,80.07,59.21,32.0,46.4,,252.51,22.556973,88.4940996,"2024-04-22 09:25:39.209304"
1022,3.66,5.47,8.27,5.82,65.87,51.51,86.46,59.6,32.0,49.35,,253.01,22.556973,88.4940996,"2024-04-22 09:25:44.257954"
1023,4.46,5.44,8.44,6.42,56.17,55.99,86.75,62.15,32.0,49.87,,251.72,22.556973,88.4940996,"2024-04-22 09:25:49.289829"
1024,4.15,4.21,9.49,5.71,57.24,54.0,86.68,61.95,32.0,49.16,,251.99,22.556973,88.4940996,"2024-04-22 09:25:54.320776"
1025,3.4,4.34,9.35,6.56,63.63,52.66,88.0,59.43,32.0,49.12,,253.09,22.556973,88.4940996,"2024-04-22 09:25:59.348855"
1026,5.34,4.3,9.77,6.2,61.03,51.52,83.02,59.84,32.0,48.93,,252.93,22.556973,88.4940996,"2024-04-22 09:26:04.382081"
1027,4.28,4.76,8.64,5.99,55.49,51.75,83.28,60.85,32.0,49.9,,251.75,22.556973,88.4940996,"2024-04-22 09:26:09.418793"
1028,4.59,4.31,8.23,5.75,57.29,50.02,87.71,62.0,32.0,47.99,,252.45,22.556973,88.4940996,"2024-04-22 09:26:14.448741"
1029,4.65,4.16,9.29,6.21,56.76,56.07,87.0,58.76,32.0,47.42,,253.18,22.556973,88.4940996,"2024-04-22 09:26:19.488956"
1030,3.5,4.86,9.01,6.24,54.55,56.52,83.28,59.92,32.0,48.6,,252.53,22.556973,88.4940996,"2024-04-22 09:26:24.515322"
1031,3.55,5.39,9.06,6.06,62.86,50.96,83.44,59.91,32.0,48.58,,252.41,22.556973,88.4940996,"2024-04-22 09:26:29.545286"
1032,4.4,4.84,8.76,6.0,60.56,55.22,83.25,60.24,32.0,47.18,,253.4,22.556973,88.4940996,"2024-04-22 09:26:34.573415"
1033,3.45,4.26,9.57,6.26,61.87,55.63,86.13,59.56,32.0,47.55,,253.46,22.556973,88.4940996,"2024-04-22 09:26:39.603405"
1034,4.49,4.25,8.48,5.79,59.75,52.9,81.16,61.76,32.0,47.74,,252.3,22.556973,88.4940996,"2024-04-22 09:26:44.647549"
1035,4.89,5.0,9.0,6.11,60.5,57.58,85.12,60.25,32.0,49.77,,251.58,22.556973,88.4940996,"2024-04-22 09:26:49.678055"
1036,3.71,4.66,8.62,5.71,62.45,53.62,83.06,59.76,32.0,46.95,,251.52,22.556973,88.4940996,"2024-04-22 09:26:54.718514"
1037,4.76,4.24,8.3,5.62,62.94,50.77,87.37,61.74,32.0,46.4,,252.29,22.556973,88.4940996,"2024-04-22 09:26:59.766464"
1038,4.04,4.39,9.64,5.92,59.95,53.08,84.8,61.33,32.0,47.4,,251.61,22.556973,88.4940996,"2024-04-22 09:27:04.804944"
1039,3.6,4.18,9.42,5.95,55.26,52.13,87.26,60.51,32.0,46.66,,251.84,22.556973,88.4940996,"2024-04-22 09:27:09.841439"
1040,3.37,4.91,9.45,5.87,65.67,52.43,86.32,60.05,32.0,46.29,,252.92,22.556973,88.4940996,"2024-04-22 09:27:14.875630"
1041,5.33,4.89,8.89,5.98,64.47,57.83,85.73,59.23,32.0,47.87,,251.87,22.556973,88.4940996,"2024-04-22 09:27:19.909504"
1042,5.02,4.25,9.15,6.08,57.67,54.32,81.98,60.99,32.0,48.53,,253.41,22.556973,88.4940996,"2024-04-22 09:27:24.945717"
1043,4.97,4.65,9.48,6.59,59.09,56.25,82.43,62.03,32.0,46.92,,253.13,22.556973,88.4940996,"2024-04-22 09:27:29.977799"
1044,5.47,5.05,9.75,5.66,59.22,51.58,82.18,60.52,32.0,48.54,,252.22,22.556973,88.4940996,"2024-04-22 09:27:35.010541"
1045,4.45,4.15,9.24,5.69,64.45,51.14,81.68,59.42,32.0,48.5,,252.48,22.556973,88.4940996,"2024-04-22 09:27:40.041189"
1046,3.47,4.81,8.25,6.09,56.28,55.74,81.58,61.64,32.0,48.56,,251.93,22.556973,88.4940996,"2024-04-22 09:27:45.070808"
1047,3.54,4.91,8.44,6.15,62.21,57.33,82.28,59.26,32.0,49.48,,253.43,22.556973,88.4940996,"2024-04-22 09:27:50.103812"
1048,5.22,4.41,9.48,6.3,61.74,51.23,81.13,59.58,32.0,46.58,,253.31,22.556973,88.4940996,"2024-04-22 09:27:55.133686"
1049,5.08,5.21,9.61,6.37,59.69,54.81,86.93,61.19,32.0,47.96,,252.2,22.556973,88.4940996,"2024-04-22 09:28:00.168873"
1050,5.49,4.04,8.49,5.89,59.12,51.0,85.39,59.25,32.0,47.79,,253.3,22.556973,88.4940996,"2024-04-22 09:28:05.199380"
1051,4.82,4.76,9.73,5.89,63.5,57.76,80.92,60.37,32.0,47.3,,252.77,22.556973,88.4940996,"2024-04-22 09:28:10.228236"
1052,4.47,4.84,9.05,6.23,60.39,51.76,86.16,60.47,32.0,47.31,,252.51,22.556973,88.4940996,"2024-04-22 09:28:15.258267"
1053,4.91,4.32,9.11,5.75,59.15,56.09,80.28,61.46,32.0,48.51,,253.4,22.556973,88.4940996,"2024-04-22 09:28:20.286052"
1054,3.57,5.33,9.37,5.5,60.26,50.98,82.37,59.81,32.0,49.67,,251.52,22.556973,88.4940996,"2024-04-22 09:28:25.320971"
1055,5.43,4.49,8.33,5.7,62.02,54.7,85.72,58.28,32.0,48.37,,251.99,22.556973,88.4940996,"2024-04-22 09:28:30.345056"
1056,4.85,4.69,8.28,5.57,61.88,51.85,87.85,62.28,32.0,48.68,,252.29,22.556973,88.4940996,"2024-04-22 09:28:35.378290"
1057,4.81,5.43,9.56,5.89,63.86,54.85,82.96,59.53,32.0,46.99,,251.63,22.556973,88.4940996,"2024-04-22 09:28:40.411471"
1058,4.17,5.25,9.75,5.6,60.68,50.73,86.17,60.76,32.0,49.2,,252.64,22.556973,88.4940996,"2024-04-22 09:28:45.435738"
1059,4.01,4.92,8.35,5.88,59.36,51.15,86.61,58.4,32.0,47.62,,252.85,22.556973,88.4940996,"2024-04-22 09:28:50.464907"
1060,5.21,5.0,8.97,5.59,54.03,50.87,86.64,61.04,32.0,49.78,,252.77,22.556973,88.4940996,"2024-04-22 09:28:55.492614"
1061,4.57,4.56,9.09,5.94,55.21,57.97,82.22,60.91,32.0,48.72,,251.88,22.556973,88.4940996,"2024-04-22 09:29:00.532641"
1062,4.65,4.52,8.3,5.64,54.94,55.18,84.21,61.15,32.0,47.37,,253.28,22.556973,88.4940996,"2024-04-22 09:29:07.654554"
1063,4.25,4.94,8.99,5.89,60.34,57.1,86.23,59.89,32.0,47.2,,252.76,22.556973,88.4940996,"2024-04-22 09:29:15.839108"
1064,3.37,5.37,9.75,6.45,61.87,56.49,84.06,61.93,32.0,46.23,,251.77,22.556973,88.4940996,"2024-04-22 09:29:24.403194"
1065,5.25,4.26,9.68,6.49,55.66,55.35,83.29,62.0,32.0,49.15,,253.5,22.556973,88.4940996,"2024-04-22 09:29:33.243187"
1066,5.19,5.27,9.66,6.32,61.66,51.25,81.81,62.11,32.0,49.91,,252.37,22.556973,88.4940996,"2024-04-22 09:29:42.444579"
1067,4.5,5.45,9.28,5.81,64.08,53.8,80.32,62.18,32.0,48.37,,253.41,22.556973,88.4940996,"2024-04-22 09:29:54.893377"
1068,4.16,4.88,8.55,5.68,64.67,57.14,82.21,59.81,32.0,48.4,,253.35,22.556973,88.4940996,"2024-04-22 09:30:02.609578"
1069,4.24,5.11,9.06,5.62,55.95,56.05,83.91,58.85,32.0,48.22,,251.5,22.556973,88.4940996,"2024-04-22 09:30:10.333107"
1070,4.2,5.38,8.4,5.96,65.76,57.34,83.93,59.78,32.0,49.16,,253.21,22.556973,88.4940996,"2024-04-22 09:30:18.532669"
1071,5.38,4.4,8.45,6.13,55.57,52.3,87.47,59.16,32.0,49.71,,251.88,22.556973,88.4940996,"2024-04-22 09:30:28.337666"
1072,4.41,4.27,9.79,5.99,61.02,57.33,85.55,62.21,32.0,47.5,,252.64,22.556973,88.4940996,"2024-04-22 09:30:37.326087"
1073,4.14,4.53,9.41,6.19,62.97,57.29,83.92,58.62,32.0,49.78,,253.23,22.556973,88.4940996,"2024-04-22 09:30:49.529725"
1074,5.48,4.29,8.66,6.11,62.08,50.56,80.87,61.53,32.0,46.63,,251.98,22.556973,88.4940996,"2024-04-22 09:30:57.783259"
1075,3.6,5.44,9.02,5.65,55.83,54.37,87.52,60.21,32.0,47.51,,252.12,22.556973,88.4940996,"2024-04-22 09:31:05.578167"
1076,5.23,4.69,8.39,6.55,55.59,55.14,81.48,58.33,32.0,47.43,,252.12,22.556973,88.4940996,"2024-04-22 09:31:22.952668"
1077,4.34,4.23,9.38,5.59,57.9,53.95,83.08,61.26,32.0,48.88,,253.14,22.556973,88.4940996,"2024-04-22 09:31:28.094152"
1078,3.75,5.11,9.47,5.92,61.63,57.6,80.11,61.65,32.0,46.8,,252.55,22.556973,88.4940996,"2024-04-22 09:31:33.124870"
1079,3.75,5.29,8.92,5.84,64.07,52.12,81.15,60.48,32.0,46.53,,252.76,22.556973,88.4940996,"2024-04-22 09:31:38.156276"
1080,4.11,5.4,9.27,6.22,56.94,56.1,84.14,61.69,32.0,49.1,,253.25,22.556973,88.4940996,"2024-04-22 09:31:43.188030"
1081,4.04,4.43,8.36,6.11,56.84,52.52,84.62,61.73,32.0,47.66,,252.84,22.556973,88.4940996,"2024-04-22 09:31:48.221634"
1082,3.98,4.29,9.26,6.54,65.84,51.12,85.18,58.74,32.0,47.86,,251.75,22.556973,88.4940996,"2024-04-22 09:31:53.257327"
1083,4.79,5.02,9.17,5.5,63.66,57.19,82.51,58.37,32.0,49.56,,253.06,22.556973,88.4940996,"2024-04-22 09:31:58.279751"
1084,5.43,4.79,8.56,5.74,58.64,55.43,80.15,60.91,32.0,46.91,,252.99,22.556973,88.4940996,"2024-04-22 09:32:03.317535"
1085,4.38,4.59,9.67,6.26,59.82,50.14,82.68,59.18,32.0,48.56,,252.78,22.556973,88.4940996,"2024-04-22 09:32:08.343698"
1086,4.74,5.2,8.65,5.98,57.28,50.47,87.04,58.7,32.0,46.54,,251.93,22.556973,88.4940996,"2024-04-22 09:32:13.380893"
1087,5.43,4.04,8.71,5.99,63.59,53.53,85.04,58.53,32.0,47.06,,251.88,22.556973,88.4940996,"2024-04-22 09:32:18.421669"
1088,3.9,4.55,8.96,6.36,65.33,55.08,84.45,58.4,32.0,48.67,,251.7,22.556973,88.4940996,"2024-04-22 09:32:23.453512"
1089,4.46,4.05,9.05,6.31,56.1,56.47,83.86,61.68,32.0,49.93,,252.47,22.556973,88.4940996,"2024-04-22 09:32:28.478981"
1090,4.56,4.96,8.99,6.48,55.33,56.37,83.78,60.65,32.0,49.33,,252.32,22.556973,88.4940996,"2024-04-22 09:32:33.500722"
1091,4.71,5.36,9.3,6.11,62.26,56.8,80.61,60.97,32.0,48.69,,251.96,22.556973,88.4940996,"2024-04-22 09:32:38.537364"
1092,5.35,4.04,8.52,5.84,55.11,52.62,82.19,61.06,32.0,47.89,,253.46,22.556973,88.4940996,"2024-04-22 09:32:43.568705"
1093,5.33,4.26,8.84,6.37,63.53,53.5,80.22,59.82,32.0,46.62,,252.96,22.556973,88.4940996,"2024-04-22 09:32:48.607426"
1094,3.73,4.85,9.12,5.56,59.52,52.01,84.07,60.48,32.0,47.67,,252.83,22.556973,88.4940996,"2024-04-22 09:32:53.643798"
1095,5.3,4.74,9.05,5.71,64.38,52.06,86.05,58.6,32.0,46.48,,253.38,22.556973,88.4940996,"2024-04-22 09:32:58.681493"
1096,5.26,4.86,9.47,5.83,65.72,52.71,82.45,61.82,32.0,46.85,,252.4,22.556973,88.4940996,"2024-04-22 09:33:03.713474"
1097,4.22,4.31,9.29,5.77,59.66,50.67,81.88,60.07,32.0,49.47,,252.08,22.556973,88.4940996,"2024-04-22 09:33:08.748283"
1098,4.51,5.37,8.73,5.78,56.34,54.82,85.5,59.12,32.0,47.96,,253.16,22.556973,88.4940996,"2024-04-22 09:33:13.780736"
1099,3.65,4.37,8.46,5.93,55.37,55.85,81.22,59.15,32.0,47.52,,253.22,22.556973,88.4940996,"2024-04-22 09:33:18.809771"
1100,4.43,4.02,8.69,6.35,54.29,52.26,83.16,62.08,32.0,47.27,,251.83,22.556973,88.4940996,"2024-04-22 09:33:23.833328"
1101,3.32,4.87,8.47,6.19,65.75,56.52,87.22,61.51,32.0,48.33,,253.07,22.556973,88.4940996,"2024-04-22 09:33:28.860255"
1102,5.19,4.06,8.81,6.5,58.89,50.16,85.18,59.72,32.0,49.94,,253.49,22.556973,88.4940996,"2024-04-22 09:33:33.892092"
1103,3.72,4.61,8.28,6.28,55.17,52.03,81.22,61.2,32.0,49.01,,252.18,22.556973,88.4940996,"2024-04-22 09:33:38.920410"
1104,3.87,4.83,8.97,6.45,54.34,51.52,84.8,60.91,32.0,49.32,,252.61,22.556973,88.4940996,"2024-04-22 09:33:43.948977"
1105,3.31,5.33,9.45,6.42,62.31,52.32,86.9,60.53,32.0,49.18,,252.07,22.556973,88.4940996,"2024-04-22 09:33:48.981341"
1106,4.29,5.2,9.08,6.04,58.12,50.83,80.01,60.74,32.0,46.2,,252.78,22.556973,88.4940996,"2024-04-22 09:33:54.013679"
1107,4.29,4.62,9.16,5.87,56.67,53.41,83.12,60.93,32.0,46.6,,252.86,22.556973,88.4940996,"2024-04-22 09:33:59.060050"
1108,3.5,5.07,9.54,6.51,55.92,53.2,83.15,59.33,32.0,49.51,,252.97,22.556973,88.4940996,"2024-04-22 09:34:04.092291"
1109,5.19,4.46,8.77,6.56,63.63,53.47,86.02,60.23,32.0,48.68,,252.44,22.556973,88.4940996,"2024-04-22 09:34:09.120084"
1110,5.49,5.42,8.23,6.31,65.59,56.6,85.28,60.94,32.0,47.46,,252.04,22.556973,88.4940996,"2024-04-22 09:34:14.150316"
1111,4.56,4.89,9.46,5.83,55.77,52.54,86.05,59.91,32.0,49.16,,252.73,22.556973,88.4940996,"2024-04-22 09:34:19.192822"
1112,5.21,4.55,8.31,6.54,64.31,51.93,81.8,59.5,32.0,48.37,,253.29,22.556973,88.4940996,"2024-04-22 09:34:24.225271"
1113,4.17,4.65,9.74,6.51,57.74,52.81,84.7,60.47,32.0,46.69,,253.46,22.556973,88.4940996,"2024-04-22 09:34:29.257014"
1114,4.19,4.01,9.7,6.13,56.73,53.99,83.61,59.89,32.0,47.36,,253.18,22.556973,88.4940996,"2024-04-22 09:34:34.286535"
1115,3.71,4.66,8.56,5.63,64.58,57.99,84.99,62.2,32.0,47.16,,253.21,22.556973,88.4940996,"2024-04-22 09:34:39.309535"
1116,3.24,4.42,8.41,6.45,63.1,52.67,83.53,60.63,32.0,47.62,,252.25,22.556973,88.4940996,"2024-04-22 09:34:44.333303"
1117,5.06,4.3,8.48,5.76,58.35,55.72,85.21,62.23,32.0,49.92,,252.79,22.556973,88.4940996,"2024-04-22 09:34:49.373627"
1118,5.07,4.51,9.8,5.81,61.76,52.16,86.4,58.35,32.0,49.22,,251.79,22.556973,88.4940996,"2024-04-22 09:34:54.401533"
1119,3.99,4.53,9.62,5.78,62.68,52.03,83.91,60.96,32.0,47.72,,251.64,22.556973,88.4940996,"2024-04-22 09:34:59.446873"
1120,4.18,4.07,8.72,6.04,61.26,57.24,86.73,59.0,32.0,49.15,,252.49,22.556973,88.4940996,"2024-04-22 09:35:04.486499"
1121,3.39,5.42,8.28,6.04,54.04,51.35,82.71,58.31,32.0,48.94,,251.57,22.556973,88.4940996,"2024-04-22 09:35:09.510414"
1122,4.22,4.08,8.79,5.57,59.88,51.26,87.49,59.75,32.0,48.33,,251.88,22.556973,88.4940996,"2024-04-22 09:35:14.566954"
1123,4.59,4.02,9.16,6.22,62.96,56.19,81.22,61.83,32.0,49.28,,253.17,22.556973,88.4940996,"2024-04-22 09:35:19.597788"
1124,4.36,4.48,9.72,5.97,65.68,52.54,83.17,58.23,32.0,48.76,,251.96,22.556973,88.4940996,"2024-04-22 09:35:24.641135"
1125,4.25,4.65,9.32,6.53,59.34,50.57,83.57,59.2,32.0,46.59,,252.07,22.556973,88.4940996,"2024-04-22 09:35:29.669912"
1126,5.5,4.36,8.9,6.24,58.23,51.91,83.83,58.22,32.0,48.04,,251.7,22.556973,88.4940996,"2024-04-22 09:35:34.715171"
1127,3.72,4.52,8.2,5.78,55.3,50.28,82.38,60.83,32.0,48.49,,253.0,22.556973,88.4940996,"2024-04-22 09:35:39.745738"
1128,5.14,4.48,8.82,6.14,57.9,52.95,87.22,60.62,32.0,48.36,,252.8,22.556973,88.4940996,"2024-04-22 09:35:44.785421"
1129,3.73,4.55,8.68,5.77,62.43,51.5,86.23,59.81,32.0,48.25,,252.68,22.556973,88.4940996,"2024-04-22 09:35:49.828448"
1130,4.05,5.11,8.24,5.86,58.37,50.68,80.11,61.73,32.0,49.23,,252.64,22.556973,88.4940996,"2024-04-22 09:35:54.861451"
1131,4.35,4.31,9.22,6.3,56.46,52.95,84.92,58.59,32.0,46.6,,251.73,22.556973,88.4940996,"2024-04-22 09:35:59.888729"
1132,5.42,4.35,8.42,5.56,55.92,50.9,85.52,61.85,32.0,48.9,,251.85,22.556973,88.4940996,"2024-04-22 09:36:04.918673"
1133,5.09,4.99,8.41,5.6,58.25,51.69,84.04,59.42,32.0,46.89,,253.37,22.556973,88.4940996,"2024-04-22 09:36:09.956641"
1134,5.26,4.93,9.06,6.19,64.12,54.51,81.62,61.34,32.0,49.39,,251.74,22.556973,88.4940996,"2024-04-22 09:36:14.993528"
1135,3.65,4.68,8.79,5.75,61.23,53.57,80.86,62.24,32.0,46.37,,253.3,22.556973,88.4940996,"2024-04-22 09:36:20.069342"
1136,3.66,4.47,9.42,5.9,60.14,56.06,86.33,60.63,32.0,48.05,,252.5,22.556973,88.4940996,"2024-04-22 09:36:25.155381"
1137,4.18,5.33,9.6,5.61,58.0,54.34,85.22,58.51,32.0,48.71,,252.97,22.556973,88.4940996,"2024-04-22 09:36:30.208906"
1138,3.37,5.49,9.51,6.55,54.04,57.19,83.98,62.04,32.0,49.06,,251.83,22.556973,88.4940996,"2024-04-22 09:36:35.234516"
1139,3.31,5.42,8.59,6.42,58.53,54.59,83.47,60.24,32.0,49.01,,252.18,22.556973,88.4940996,"2024-04-22 09:36:40.264704"
1140,4.09,4.4,9.3,5.82,58.01,55.91,81.19,59.16,32.0,49.42,,253.21,22.556973,88.4940996,"2024-04-22 09:36:45.295106"
1141,5.23,4.96,9.6,6.02,56.27,54.69,83.43,59.13,32.0,49.8,,252.42,22.556973,88.4940996,"2024-04-22 09:36:50.325763"
1142,3.25,4.68,8.57,6.16,63.85,56.81,82.11,61.84,32.0,47.8,,253.48,22.556973,88.4940996,"2024-04-22 09:36:55.354601"
1143,4.41,5.25,8.21,5.78,55.11,56.61,83.46,59.54,32.0,47.06,,252.23,22.556973,88.4940996,"2024-04-22 09:37:00.385820"
1144,4.59,4.56,9.55,6.34,54.78,53.22,84.76,62.23,32.0,48.33,,251.54,22.556973,88.4940996,"2024-04-22 09:37:05.416834"
1145,4.57,4.49,8.41,5.84,60.43,54.06,86.21,60.68,32.0,49.48,,253.5,22.556973,88.4940996,"2024-04-22 09:37:10.449108"
1146,3.45,5.04,9.66,6.38,56.71,57.2,85.9,60.92,32.0,46.48,,251.56,22.556973,88.4940996,"2024-04-22 09:37:15.479410"
1147,4.85,4.2,8.32,6.37,56.96,56.18,84.13,61.83,32.0,48.42,,253.1,22.556973,88.4940996,"2024-04-22 09:37:20.512311"
1148,3.47,5.23,9.37,5.75,65.16,56.35,86.57,61.87,32.0,46.78,,251.53,22.556973,88.4940996,"2024-04-22 09:37:25.543655"
1149,3.65,5.47,9.12,6.04,64.4,51.12,85.67,61.82,32.0,49.91,,252.1,22.556973,88.4940996,"2024-04-22 09:37:30.575675"
1150,3.36,5.38,8.8,6.4,58.08,53.85,81.4,61.82,32.0,46.66,,252.71,22.556973,88.4940996,"2024-04-22 09:37:35.603647"
1151,4.61,5.09,9.07,5.77,61.45,51.05,86.54,59.45,32.0,47.55,,252.36,22.556973,88.4940996,"2024-04-22 09:37:40.635900"
1152,4.85,4.8,8.25,5.67,60.06,51.08,81.74,58.79,32.0,49.96,,251.53,22.556973,88.4940996,"2024-04-22 09:37:45.667618"
1153,5.29,5.31,9.56,5.66,63.15,52.66,84.44,60.93,32.0,46.66,,252.44,22.556973,88.4940996,"2024-04-22 09:37:50.695041"
1154,4.63,4.3,8.65,5.92,61.94,50.79,80.04,59.2,32.0,47.0,,252.66,22.556973,88.4940996,"2024-04-22 09:37:55.726828"
1155,4.35,4.62,9.76,6.21,56.75,56.64,80.99,60.84,32.0,48.8,,251.57,22.556973,88.4940996,"2024-04-22 09:38:00.750085"
1156,3.85,4.92,9.34,5.57,57.05,53.15,81.88,58.88,32.0,46.74,,253.0,22.556973,88.4940996,"2024-04-22 09:38:05.776872"
1157,3.97,5.23,8.25,5.56,63.43,56.74,80.01,61.06,32.0,49.91,,252.85,22.556973,88.4940996,"2024-04-22 09:38:10.801069"
1158,4.25,4.41,8.92,6.26,63.5,57.82,87.67,62.11,32.0,48.66,,252.74,22.556973,88.4940996,"2024-04-22 09:38:15.824799"
1159,4.43,5.31,9.44,6.51,56.28,51.46,81.0,59.46,32.0,46.82,,253.44,22.556973,88.4940996,"2024-04-22 09:38:20.851740"
1160,4.48,5.14,9.14,6.34,61.04,53.13,84.92,58.25,32.0,48.37,,251.6,22.556973,88.4940996,"2024-04-22 09:38:25.888166"
1161,4.04,5.03,8.34,5.99,64.48,55.18,84.97,58.87,32.0,49.2,,252.87,22.556973,88.4940996,"2024-04-22 09:38:30.914874"
1162,3.4,4.41,9.15,5.51,59.72,52.88,87.43,59.77,32.0,47.28,,252.02,22.556973,88.4940996,"2024-04-22 09:38:35.941209"
1163,3.57,5.16,8.56,6.03,54.11,55.82,84.13,62.28,32.0,46.27,,251.76,22.556973,88.4940996,"2024-04-22 09:38:40.979486"
1164,4.17,4.61,8.21,6.36,54.39,56.34,82.04,60.51,32.0,49.97,,252.37,22.556973,88.4940996,"2024-04-22 09:38:46.007615"
1165,3.21,5.45,9.61,6.34,64.38,54.65,86.14,61.51,32.0,46.52,,253.24,22.556973,88.4940996,"2024-04-22 09:38:51.037839"
1166,3.31,4.16,9.69,6.02,62.82,51.8,87.61,62.05,32.0,48.75,,252.42,22.556973,88.4940996,"2024-04-22 09:38:56.270205"
1167,3.8,4.2,9.55,5.62,59.43,57.82,85.64,61.62,32.0,47.02,,253.12,22.556973,88.4940996,"2024-04-22 09:39:01.297115"
1168,4.13,4.23,8.53,6.48,59.98,50.89,86.3,59.61,32.0,46.36,,253.12,22.556973,88.4940996,"2024-04-22 09:39:06.330700"
1169,4.76,4.27,9.64,5.75,65.64,57.91,87.61,60.36,32.0,46.52,,253.4,22.556973,88.4940996,"2024-04-22 09:39:11.360790"
1170,4.8,5.26,8.38,6.27,56.76,50.11,85.71,62.0,32.0,49.82,,252.81,22.556973,88.4940996,"2024-04-22 09:39:16.389027"
1171,4.75,4.31,9.52,6.6,61.89,54.16,87.67,61.64,32.0,46.45,,251.81,22.556973,88.4940996,"2024-04-22 09:39:21.412902"
1172,4.95,5.06,8.58,6.48,58.01,57.27,87.79,59.55,32.0,47.55,,252.9,22.556973,88.4940996,"2024-04-22 09:39:26.445847"
1173,3.44,4.62,8.5,5.8,54.84,52.99,83.62,61.41,32.0,48.45,,251.54,22.556973,88.4940996,"2024-04-22 09:39:31.470615"
1174,3.56,5.44,8.8,5.83,54.32,51.78,81.45,60.27,32.0,46.73,,251.94,22.556973,88.4940996,"2024-04-22 09:39:36.501245"
1175,4.8,4.37,8.65,6.22,60.4,52.22,83.11,59.33,32.0,49.35,,251.73,22.556973,88.4940996,"2024-04-22 09:39:41.530666"
1176,3.88,4.53,9.53,5.95,59.6,57.55,84.88,59.46,32.0,46.65,,253.43,22.556973,88.4940996,"2024-04-22 09:39:46.557711"
1177,4.37,4.42,9.73,6.0,59.97,54.74,85.2,58.95,32.0,49.58,,252.15,22.556973,88.4940996,"2024-04-22 09:39:51.582704"
1178,5.5,5.4,8.85,6.46,61.35,53.68,87.02,61.16,32.0,47.43,,251.81,22.556973,88.4940996,"2024-04-22 09:39:56.610307"
1179,5.18,4.36,8.35,5.78,62.54,55.87,84.94,60.19,32.0,49.28,,253.31,22.556973,88.4940996,"2024-04-22 09:40:01.654367"
1180,3.35,4.92,8.24,6.34,62.8,51.55,86.54,61.39,32.0,49.33,,252.72,22.556973,88.4940996,"2024-04-22 09:40:06.680106"
1181,4.05,4.12,8.21,6.59,57.23,55.49,80.52,61.4,32.0,47.55,,251.87,22.556973,88.4940996,"2024-04-22 09:40:11.717167"
1182,3.28,5.47,8.29,6.07,57.4,51.66,85.54,61.4,32.0,47.82,,253.4,22.556973,88.4940996,"2024-04-22 09:40:16.746656"
1183,3.54,4.45,9.52,6.0,56.33,53.01,87.79,62.14,32.0,48.71,,252.76,22.556973,88.4940996,"2024-04-22 09:40:21.776917"
1184,3.54,5.43,8.95,5.51,60.92,57.07,81.43,59.82,32.0,46.37,,252.69,22.556973,88.4940996,"2024-04-22 09:40:26.804720"
1185,4.41,5.42,9.61,6.2,54.91,53.52,81.23,62.1,32.0,47.85,,251.53,22.556973,88.4940996,"2024-04-22 09:40:31.835035"
1186,5.13,4.7,8.79,6.47,56.71,53.83,85.91,61.17,32.0,47.34,,251.99,22.556973,88.4940996,"2024-04-22 09:40:36.860585"
1187,5.2,4.81,9.01,5.98,63.01,57.79,83.65,59.91,32.0,47.07,,252.85,22.556973,88.4940996,"2024-04-22 09:40:41.889645"
1188,3.34,4.38,8.99,6.09,59.1,53.98,87.73,58.71,32.0,47.6,,252.04,22.556973,88.4940996,"2024-04-22 09:40:46.915561"
1189,4.55,4.85,9.79,5.9,61.13,56.57,80.42,60.98,32.0,48.22,,251.53,22.556973,88.4940996,"2024-04-22 09:40:51.938891"
1190,4.78,5.15,9.41,5.74,58.79,56.84,87.97,59.65,32.0,49.28,,253.01,22.556973,88.4940996,"2024-04-22 09:40:56.964538"
1191,4.0,4.59,8.46,6.5,57.95,56.14,82.22,60.21,32.0,47.92,,251.84,22.556973,88.4940996,"2024-04-22 09:41:01.994586"
1192,3.53,4.76,8.6,5.74,65.59,50.79,87.9,62.24,32.0,49.78,,252.84,22.556973,88.4940996,"2024-04-22 09:41:07.037536"
1193,4.58,4.29,8.38,6.18,54.17,52.09,83.83,58.22,32.0,47.8,,251.78,22.556973,88.4940996,"2024-04-22 09:41:12.063577"
1194,4.87,4.43,9.33,5.91,61.26,57.7,85.79,59.13,32.0,49.0,,251.73,22.556973,88.4940996,"2024-04-22 09:41:17.086109"
1195,3.85,4.67,9.47,6.4,62.77,53.28,86.46,59.15,32.0,48.95,,253.29,22.556973,88.4940996,"2024-04-22 09:41:22.192403"
1196,4.55,4.34,8.62,5.77,54.15,55.95,80.18,60.18,32.0,47.53,,251.94,22.556973,88.4940996,"2024-04-22 09:41:27.233598"
1197,4.29,4.25,9.39,6.5,65.92,57.06,84.23,59.14,32.0,47.26,,253.11,22.556973,88.4940996,"2024-04-22 09:41:32.263485"
1198,3.48,5.23,8.74,5.59,59.57,56.88,84.89,61.25,32.0,49.8,,253.0,22.556973,88.4940996,"2024-04-22 09:41:37.300066"
1199,5.37,4.95,8.26,5.69,57.72,52.23,81.03,59.2,32.0,46.92,,252.63,22.556973,88.4940996,"2024-04-22 09:41:42.338586"
1200,5.21,4.46,9.45,6.28,62.0,53.44,82.09,60.34,32.0,49.41,,252.9,22.556973,88.4940996,"2024-04-22 09:41:47.367347"
1201,3.94,4.23,8.34,5.78,65.75,57.21,83.63,61.54,32.0,48.56,,251.56,22.556973,88.4940996,"2024-04-22 09:41:52.403734"
1202,4.11,5.05,9.06,6.05,59.96,55.49,82.14,60.19,32.0,49.77,,252.33,22.556973,88.4940996,"2024-04-22 09:41:57.452503"
1203,4.98,4.82,8.27,6.41,65.13,54.19,81.99,61.29,32.0,46.97,,252.42,22.556973,88.4940996,"2024-04-22 09:42:02.490556"
1204,4.5,4.62,9.41,6.5,55.9,56.06,85.12,60.56,32.0,47.49,,253.2,22.556973,88.4940996,"2024-04-22 09:42:07.527302"
1205,5.06,4.1,8.65,6.39,58.95,54.84,84.95,60.53,32.0,47.64,,252.73,22.556973,88.4940996,"2024-04-22 09:42:12.559454"
1206,5.35,4.1,8.56,6.02,56.02,56.57,85.65,61.46,32.0,46.86,,253.29,22.556973,88.4940996,"2024-04-22 09:42:17.591090"
1207,3.43,4.68,9.2,5.86,56.63,56.6,81.61,58.23,32.0,49.81,,252.17,22.556973,88.4940996,"2024-04-22 09:42:22.638811"
1208,3.25,5.4,9.44,6.47,60.09,52.39,84.3,61.84,32.0,47.87,,252.99,22.556973,88.4940996,"2024-04-22 09:42:27.671646"
1209,4.37,5.17,9.76,5.52,63.31,52.52,83.01,59.92,32.0,49.79,,252.61,22.556973,88.4940996,"2024-04-22 09:42:32.705623"
1210,4.93,4.76,9.55,5.89,62.62,55.87,84.56,61.06,32.0,46.36,,252.04,22.556973,88.4940996,"2024-04-22 09:42:37.745166"
1211,5.2,4.38,8.84,6.0,57.32,53.24,82.57,59.21,32.0,49.14,,253.14,22.556973,88.4940996,"2024-04-22 09:42:42.779608"
1212,5.24,4.79,8.4,5.82,60.65,51.7,87.33,59.85,32.0,49.87,,252.69,22.556973,88.4940996,"2024-04-22 09:42:47.819075"
1213,4.19,4.99,8.35,5.92,63.68,56.79,83.04,59.7,32.0,47.27,,253.39,22.556973,88.4940996,"2024-04-22 09:42:52.860322"
1214,5.15,4.47,9.68,5.92,63.73,56.35,82.72,60.73,32.0,49.51,,252.99,22.556973,88.4940996,"2024-04-22 09:42:57.895115"
1215,4.69,4.81,9.31,6.03,65.54,54.4,85.74,58.53,32.0,47.14,,252.43,22.556973,88.4940996,"2024-04-22 09:43:02.923160"
1216,5.3,4.26,9.45,5.56,58.69,57.87,86.52,59.93,32.0,47.21,,252.36,22.556973,88.4940996,"2024-04-22 09:43:07.958024"
1217,4.0,4.39,9.43,5.79,60.72,53.03,85.44,59.52,32.0,49.6,,252.29,22.556973,88.4940996,"2024-04-22 09:43:12.989429"
1218,4.36,4.78,9.09,6.04,66.0,52.64,80.49,60.16,32.0,47.32,,252.87,22.556973,88.4940996,"2024-04-22 09:43:18.017800"
1219,4.63,5.47,8.75,6.43,62.02,54.22,81.02,58.33,32.0,49.84,,253.32,22.556973,88.4940996,"2024-04-22 09:43:23.065557"
1220,3.87,4.6,8.84,6.58,61.68,52.83,85.88,60.63,32.0,46.23,,253.49,22.556973,88.4940996,"2024-04-22 09:43:28.097236"
1221,4.73,4.61,9.42,5.67,58.17,51.85,83.44,60.6,32.0,48.55,,251.82,22.556973,88.4940996,"2024-04-22 09:43:33.135595"
1222,3.85,4.43,9.0,6.51,56.57,57.49,80.48,61.37,32.0,46.69,,253.05,22.556973,88.4940996,"2024-04-22 09:43:38.173534"
1223,4.43,5.26,9.16,5.52,56.17,52.45,84.62,59.42,32.0,46.55,,253.24,22.556973,88.4940996,"2024-04-22 09:43:43.205547"
1224,3.22,4.55,8.36,6.26,57.03,56.26,80.2,61.15,32.0,48.86,,252.33,22.556973,88.4940996,"2024-04-22 09:43:48.244848"
1225,4.63,4.95,8.73,6.14,54.51,57.6,81.64,58.56,32.0,47.43,,252.16,22.556973,88.4940996,"2024-04-22 09:43:53.289771"
1226,3.47,4.57,8.74,6.18,65.88,57.39,85.82,59.78,32.0,48.5,,251.71,22.556973,88.4940996,"2024-04-22 09:43:58.321995"
1227,5.36,4.47,8.68,6.56,54.63,50.28,80.44,59.64,32.0,49.25,,253.28,22.556973,88.4940996,"2024-04-22 09:44:03.348313"
1228,4.95,5.17,8.72,5.89,59.64,51.11,86.28,61.45,32.0,49.82,,252.89,22.556973,88.4940996,"2024-04-22 09:44:08.369004"
1229,3.32,4.87,8.83,5.8,57.65,56.07,82.7,60.53,32.0,47.83,,253.0,22.556973,88.4940996,"2024-04-22 09:44:13.397954"
1230,3.83,4.16,8.78,6.0,54.03,50.93,85.02,62.07,32.0,49.76,,252.15,22.556973,88.4940996,"2024-04-22 09:44:18.427165"
1231,3.29,4.04,8.54,6.07,54.04,51.1,86.34,60.59,32.0,46.67,,253.38,22.556973,88.4940996,"2024-04-22 09:44:23.460644"
1232,5.5,4.19,9.38,6.04,62.56,55.28,80.04,58.55,32.0,46.5,,252.97,22.556973,88.4940996,"2024-04-22 09:44:28.493163"
1233,3.95,4.1,9.58,6.6,59.25,57.52,87.3,61.39,32.0,47.21,,252.94,22.556973,88.4940996,"2024-04-22 09:44:33.533656"
1234,5.4,4.17,8.62,5.92,62.56,51.63,80.87,60.61,32.0,49.23,,251.91,22.556973,88.4940996,"2024-04-22 09:44:38.565210"
1235,4.11,4.91,9.39,5.57,58.12,55.02,82.35,59.18,32.0,48.34,,253.04,22.556973,88.4940996,"2024-04-22 09:44:43.612296"
1236,3.29,4.09,9.4,6.22,54.96,56.24,87.11,58.37,32.0,46.98,,253.46,22.556973,88.4940996,"2024-04-22 09:44:48.651962"
1237,5.38,4.65,9.45,5.53,61.49,52.27,85.89,60.8,32.0,46.42,,251.57,22.556973,88.4940996,"2024-04-22 09:44:53.718029"
1238,5.39,4.63,8.9,6.1,64.51,50.18,83.5,59.72,32.0,48.46,,251.62,22.556973,88.4940996,"2024-04-22 09:44:58.747505"
1239,3.86,4.39,8.73,5.53,55.08,51.26,81.27,59.02,32.0,46.46,,253.46,22.556973,88.4940996,"2024-04-22 09:45:03.785778"
1240,4.24,4.75,9.16,5.51,65.23,51.68,83.4,59.74,32.0,48.06,,252.91,22.556973,88.4940996,"2024-04-22 09:45:08.818172"
1241,5.08,5.15,9.68,6.29,58.33,55.63,82.58,61.42,32.0,48.7,,253.41,22.556973,88.4940996,"2024-04-22 09:45:13.848274"
1242,3.65,4.43,8.61,6.13,56.74,56.45,83.06,60.1,32.0,47.94,,252.99,22.556973,88.4940996,"2024-04-22 09:45:18.887906"
1243,4.76,5.33,9.55,5.71,63.24,50.08,82.51,60.07,32.0,49.66,,252.37,22.556973,88.4940996,"2024-04-22 09:45:23.916008"
1244,3.66,4.91,9.14,6.53,56.71,53.48,82.76,58.91,32.0,46.4,,252.26,22.556973,88.4940996,"2024-04-22 09:45:28.990193"
1245,5.48,5.15,8.28,5.56,65.99,50.79,86.58,59.13,32.0,46.52,,252.82,22.556973,88.4940996,"2024-04-22 09:45:34.046650"
1246,4.02,4.61,9.65,6.27,60.07,53.39,87.15,59.94,32.0,46.33,,252.22,22.556973,88.4940996,"2024-04-22 09:45:39.088190"
1247,3.83,5.33,9.01,5.58,61.43,54.42,83.84,58.99,32.0,47.51,,252.13,22.556973,88.4940996,"2024-04-22 09:45:44.119762"
1248,5.04,4.73,8.73,6.16,64.71,52.4,83.74,59.76,32.0,47.17,,251.76,22.556973,88.4940996,"2024-04-22 09:45:49.193035"
1249,5.0,4.19,9.02,6.38,63.73,50.63,85.01,59.89,32.0,49.3,,253.26,22.556973,88.4940996,"2024-04-22 09:45:54.232460"
1250,3.48,5.2,9.78,5.92,63.61,50.49,80.55,59.64,32.0,47.85,,252.54,22.556973,88.4940996,"2024-04-22 09:45:59.264300"
1251,4.34,4.11,9.34,6.6,60.13,57.09,80.6,59.15,32.0,48.59,,251.53,22.556973,88.4940996,"2024-04-22 09:46:04.308399"
1252,4.51,4.19,8.97,5.99,64.83,56.84,87.52,61.71,32.0,48.23,,252.62,22.556973,88.4940996,"2024-04-22 09:46:09.336208"
1253,4.87,5.49,9.53,6.34,58.52,56.81,84.96,59.83,32.0,47.99,,253.02,22.556973,88.4940996,"2024-04-22 09:46:14.378631"
1254,3.79,4.09,9.49,6.14,60.67,54.84,84.63,62.21,32.0,49.55,,253.4,22.556973,88.4940996,"2024-04-22 09:46:19.413122"
1255,3.47,4.52,8.45,5.69,55.09,57.43,83.53,58.84,32.0,48.58,,251.85,22.556973,88.4940996,"2024-04-22 09:46:24.441820"
1256,4.74,4.32,9.51,5.97,63.3,56.62,86.12,61.62,32.0,48.84,,251.68,22.556973,88.4940996,"2024-04-22 09:46:29.478202"
1257,3.64,5.48,8.71,6.55,57.52,50.76,80.02,58.68,32.0,47.12,,252.45,22.556973,88.4940996,"2024-04-22 09:46:34.543368"
1258,3.95,5.46,8.98,6.4,59.72,54.29,81.35,62.25,32.0,48.54,,253.14,22.556973,88.4940996,"2024-04-22 09:46:39.577905"
1259,4.77,4.41,9.68,6.58,65.59,55.85,83.08,62.1,32.0,49.75,,253.45,22.556973,88.4940996,"2024-04-22 09:46:44.611975"
1260,3.73,5.22,8.39,6.13,55.74,55.48,87.77,61.29,32.0,49.43,,252.4,22.556973,88.4940996,"2024-04-22 09:46:49.643301"
1261,5.06,5.11,8.47,5.94,62.73,56.7,80.86,59.73,32.0,49.46,,251.74,22.556973,88.4940996,"2024-04-22 09:46:54.678201"
1262,4.78,4.16,8.46,5.6,57.41,57.28,87.32,59.45,32.0,48.28,,252.2,22.556973,88.4940996,"2024-04-22 09:46:59.718860"
1263,5.17,5.49,8.35,5.65,57.42,55.85,87.26,60.03,32.0,48.12,,252.99,22.556973,88.4940996,"2024-04-22 09:47:04.753767"
1264,4.48,4.38,9.6,5.88,58.28,53.48,84.44,58.54,32.0,48.4,,252.75,22.556973,88.4940996,"2024-04-22 09:47:09.789562"
1265,3.91,5.41,8.52,6.05,59.1,56.01,85.34,58.3,32.0,46.39,,253.09,22.556973,88.4940996,"2024-04-22 09:47:15.132332"
1266,3.82,4.95,9.75,5.92,55.43,51.82,86.59,60.06,32.0,46.25,,251.54,22.556973,88.4940996,"2024-04-22 09:47:20.163798"
1267,3.66,4.43,8.93,6.45,56.51,54.97,83.27,58.37,32.0,46.21,,251.52,22.556973,88.4940996,"2024-04-22 09:47:25.204812"
1268,3.47,4.9,8.94,5.87,61.6,53.24,86.02,61.91,32.0,49.95,,251.58,22.556973,88.4940996,"2024-04-22 09:47:30.275065"
1269,3.56,4.83,8.85,5.83,61.83,55.12,87.35,59.59,32.0,48.64,,252.83,22.556973,88.4940996,"2024-04-22 09:47:35.305115"
1270,5.39,5.48,9.28,6.31,60.81,51.74,86.68,58.89,32.0,49.48,,253.14,22.556973,88.4940996,"2024-04-22 09:47:40.337809"
1271,5.26,4.84,8.42,5.64,56.94,53.73,86.97,59.01,32.0,49.68,,252.77,22.556973,88.4940996,"2024-04-22 09:47:45.392691"
1272,5.17,5.23,9.23,6.2,63.52,50.56,81.77,60.45,32.0,48.92,,253.04,22.556973,88.4940996,"2024-04-22 09:47:50.428028"
1273,5.1,4.66,9.75,5.79,57.45,55.19,87.06,61.39,32.0,49.76,,253.22,22.556973,88.4940996,"2024-04-22 09:47:55.466563"
1274,5.35,5.34,9.37,5.85,57.07,55.16,80.73,59.71,32.0,48.1,,253.45,22.556973,88.4940996,"2024-04-22 09:48:00.514132"
1275,5.1,4.73,8.31,6.51,61.59,51.41,87.32,61.55,32.0,48.07,,251.56,22.556973,88.4940996,"2024-04-22 09:48:05.552614"
1276,5.21,4.78,8.57,6.6,56.19,50.72,80.68,60.41,32.0,47.51,,253.33,22.556973,88.4940996,"2024-04-22 09:48:10.584728"
1277,5.37,4.73,8.73,6.54,61.28,54.28,83.36,60.71,32.0,48.01,,252.92,22.556973,88.4940996,"2024-04-22 09:48:15.624905"
1278,5.45,4.32,9.41,6.27,59.33,55.84,83.02,59.51,32.0,49.21,,252.7,22.556973,88.4940996,"2024-04-22 09:48:20.658308"
1279,4.49,5.37,8.37,6.6,57.09,51.31,82.73,60.11,32.0,48.6,,252.31,22.556973,88.4940996,"2024-04-22 09:48:25.696531"
1280,5.01,4.7,8.5,6.1,63.02,57.01,82.09,61.91,32.0,48.39,,251.61,22.556973,88.4940996,"2024-04-22 09:48:30.734703"
1281,3.38,5.25,8.32,6.54,63.06,57.41,87.14,59.49,32.0,49.1,,251.96,22.556973,88.4940996,"2024-04-22 09:48:35.774202"
1282,4.21,4.16,9.54,5.88,63.21,52.21,87.6,60.95,32.0,48.66,,252.07,22.556973,88.4940996,"2024-04-22 09:48:40.805870"
1283,5.46,5.18,8.46,6.59,55.52,56.07,82.13,61.39,32.0,49.61,,251.58,22.556973,88.4940996,"2024-04-22 09:48:45.839423"
1284,5.22,4.47,8.56,6.22,59.97,51.98,85.6,59.34,32.0,47.99,,252.65,22.556973,88.4940996,"2024-04-22 09:48:50.877868"
1285,5.34,5.45,9.75,6.3,59.3,52.46,87.63,59.81,32.0,46.88,,252.01,22.556973,88.4940996,"2024-04-22 09:48:55.915747"
1286,4.32,4.87,8.47,6.08,64.28,56.97,87.44,59.45,32.0,46.61,,253.25,22.556973,88.4940996,"2024-04-22 09:49:00.981006"
1287,3.33,4.25,8.56,5.88,58.24,50.26,83.04,58.65,32.0,47.83,,253.34,22.556973,88.4940996,"2024-04-22 09:49:06.012693"
1288,5.34,4.78,8.55,6.53,54.41,54.3,81.02,60.44,32.0,49.14,,252.53,22.556973,88.4940996,"2024-04-22 09:49:11.067849"
1289,4.37,4.7,8.91,6.6,63.3,54.64,82.03,61.69,32.0,49.83,,253.43,22.556973,88.4940996,"2024-04-22 09:49:16.103089"
1290,3.64,4.72,9.06,5.7,63.86,51.74,82.17,61.5,32.0,49.99,,253.17,22.556973,88.4940996,"2024-04-22 09:49:21.146979"
1291,4.01,4.42,8.44,6.16,61.9,52.56,84.63,61.38,32.0,47.63,,253.01,22.556973,88.4940996,"2024-04-22 09:49:26.175168"
1292,4.86,5.18,8.84,5.83,55.77,51.9,84.96,60.57,32.0,47.24,,252.71,22.556973,88.4940996,"2024-04-22 09:49:31.212568"
1293,4.95,4.57,8.41,5.75,62.03,57.33,82.57,62.16,32.0,48.71,,251.99,22.556973,88.4940996,"2024-04-22 09:49:36.266427"
1294,4.35,4.79,9.73,5.95,55.89,57.54,81.73,59.59,32.0,46.23,,252.43,22.556973,88.4940996,"2024-04-22 09:49:41.296865"
1295,5.29,5.37,8.49,6.27,55.34,52.19,80.64,61.81,32.0,49.53,,251.78,22.556973,88.4940996,"2024-04-22 09:49:46.330606"
1296,3.65,4.61,8.57,6.53,59.81,53.56,80.28,60.83,32.0,47.31,,252.15,22.556973,88.4940996,"2024-04-22 09:49:51.370913"
1297,4.92,5.02,9.69,6.43,63.92,57.99,80.25,58.38,32.0,48.31,,253.2,22.556973,88.4940996,"2024-04-22 09:49:56.418592"
1298,3.25,4.75,9.31,6.56,56.97,57.24,82.36,60.66,32.0,48.93,,252.08,22.556973,88.4940996,"2024-04-22 09:50:01.447545"
1299,5.27,4.73,8.53,6.29,59.7,50.37,87.59,60.03,32.0,48.79,,253.45,22.556973,88.4940996,"2024-04-22 09:50:06.481948"
1300,5.34,4.2,9.37,5.85,63.97,50.25,87.93,62.19,32.0,49.04,,252.03,22.556973,88.4940996,"2024-04-22 09:50:11.518591"
1301,5.03,4.84,8.95,5.85,61.59,52.5,80.24,59.01,32.0,47.82,,252.79,22.556973,88.4940996,"2024-04-22 09:50:16.550124"
1302,4.95,5.05,9.19,6.51,57.67,55.45,81.6,58.42,32.0,48.8,,252.41,22.556973,88.4940996,"2024-04-22 09:50:21.590898"
1303,5.1,4.5,8.86,6.18,56.28,51.78,82.41,59.8,32.0,49.12,,253.23,22.556973,88.4940996,"2024-04-22 09:50:26.627405"
1304,3.5,4.05,8.21,5.98,55.91,55.24,84.2,59.4,32.0,46.61,,253.0,22.556973,88.4940996,"2024-04-22 09:50:31.658999"
1305,4.11,4.89,8.86,5.81,59.56,56.8,85.4,60.4,32.0,49.75,,252.91,22.556973,88.4940996,"2024-04-22 09:50:36.690841"
1306,4.99,5.39,8.28,6.1,65.09,55.95,83.5,61.84,32.0,46.38,,251.93,22.556973,88.4940996,"2024-04-22 09:50:41.723403"
1307,3.63,4.28,9.68,5.71,58.64,55.63,87.17,60.02,32.0,48.1,,252.06,22.556973,88.4940996,"2024-04-22 09:50:46.766634"
1308,3.96,5.02,9.19,5.73,60.2,57.84,84.91,58.33,32.0,48.61,,251.66,22.556973,88.4940996,"2024-04-22 09:50:51.800967"
1309,3.7,5.46,9.01,6.08,60.89,52.4,86.06,60.39,32.0,47.04,,252.11,22.556973,88.4940996,"2024-04-22 09:50:56.832324"
1310,5.48,5.37,9.7,6.6,54.22,55.3,86.19,61.61,32.0,47.41,,252.51,22.556973,88.4940996,"2024-04-22 09:51:01.872472"
1311,5.02,4.59,9.69,6.37,60.46,57.57,80.85,60.55,32.0,48.28,,253.01,22.556973,88.4940996,"2024-04-22 09:51:06.914489"
1312,5.03,4.63,9.23,6.04,61.3,51.75,81.0,59.37,32.0,48.59,,253.31,22.556973,88.4940996,"2024-04-22 09:51:11.952836"
1313,3.48,4.97,9.65,5.97,55.47,50.22,83.71,61.73,32.0,48.06,,252.44,22.556973,88.4940996,"2024-04-22 09:51:16.996199"
1314,4.33,5.0,9.68,6.56,63.02,54.33,83.69,61.41,32.0,48.56,,252.87,22.556973,88.4940996,"2024-04-22 09:51:22.140764"
1315,4.31,5.26,8.81,5.53,58.84,51.98,86.65,61.6,32.0,48.68,,253.23,22.556973,88.4940996,"2024-04-22 09:51:27.182906"
1316,3.79,4.89,8.57,5.89,63.66,52.61,87.87,59.72,32.0,49.8,,252.62,22.556973,88.4940996,"2024-04-22 09:51:32.215268"
1317,4.63,4.55,8.35,5.8,64.67,53.25,85.72,58.99,32.0,46.45,,251.58,22.556973,88.4940996,"2024-04-22 09:51:37.282979"
1318,4.95,5.47,9.0,6.0,59.62,56.19,81.18,60.9,32.0,46.27,,252.05,22.556973,88.4940996,"2024-04-22 09:51:42.311367"
1319,4.03,4.55,8.94,5.58,61.56,57.31,85.1,59.41,32.0,46.52,,252.2,22.556973,88.4940996,"2024-04-22 09:51:47.339408"
1320,5.36,4.7,9.06,6.27,58.68,57.85,81.58,62.28,32.0,48.69,,252.9,22.556973,88.4940996,"2024-04-22 09:51:52.372684"
1321,4.81,4.61,9.29,6.25,59.78,51.01,86.39,61.55,32.0,47.03,,252.36,22.556973,88.4940996,"2024-04-22 09:51:57.402487"
1322,3.7,4.33,8.46,6.53,62.0,51.95,82.74,60.68,32.0,49.29,,252.3,22.556973,88.4940996,"2024-04-22 09:52:02.437263"
1323,4.21,5.22,8.2,5.97,64.87,55.31,81.05,61.42,32.0,46.81,,253.12,22.556973,88.4940996,"2024-04-22 09:52:07.468499"
1324,5.18,4.04,8.34,6.13,59.41,52.21,82.43,59.33,32.0,48.03,,251.86,22.556973,88.4940996,"2024-04-22 09:52:12.503178"
1325,4.09,4.96,8.31,6.2,59.21,53.61,85.55,62.05,32.0,47.73,,253.38,22.556973,88.4940996,"2024-04-22 09:52:17.537199"
1326,5.4,4.08,8.33,5.52,57.76,54.04,85.3,61.64,32.0,47.64,,252.02,22.556973,88.4940996,"2024-04-22 09:52:22.566840"
1327,3.45,4.71,8.81,6.15,59.11,54.58,84.71,61.33,32.0,47.68,,253.47,22.556973,88.4940996,"2024-04-22 09:52:27.613009"
1328,4.2,4.06,8.99,6.49,63.3,50.78,80.06,58.44,32.0,49.83,,252.0,22.556973,88.4940996,"2024-04-22 09:52:32.653054"
1329,4.31,4.52,9.47,6.41,54.76,50.75,83.6,61.69,32.0,48.77,,252.66,22.556973,88.4940996,"2024-04-22 09:52:37.687930"
1330,5.45,4.29,9.51,5.73,61.3,51.45,82.94,60.86,32.0,48.35,,251.71,22.556973,88.4940996,"2024-04-22 09:52:42.755226"
1331,4.94,4.1,9.21,6.42,61.03,50.66,83.85,58.2,32.0,47.62,,251.99,22.556973,88.4940996,"2024-04-22 09:52:47.786685"
1332,4.1,4.23,8.56,5.52,61.25,57.39,83.29,61.27,32.0,47.01,,253.22,22.556973,88.4940996,"2024-04-22 09:52:52.830521"
1333,5.1,4.7,9.25,6.24,62.39,54.37,83.91,62.1,32.0,48.1,,252.25,22.556973,88.4940996,"2024-04-22 09:52:57.884397"
1334,4.11,4.51,8.64,5.64,63.38,54.39,82.5,59.32,32.0,47.58,,252.68,22.556973,88.4940996,"2024-04-22 09:53:02.942116"
1335,3.27,4.27,9.53,6.53,55.44,52.03,87.53,59.02,32.0,46.82,,253.5,22.556973,88.4940996,"2024-04-22 09:53:08.008825"
1336,4.28,4.15,8.91,5.95,65.2,52.85,80.74,61.42,32.0,46.85,,252.25,22.556973,88.4940996,"2024-04-22 09:53:13.047570"
1337,5.37,5.21,8.62,5.94,59.16,55.25,84.89,61.6,32.0,46.57,,252.48,22.556973,88.4940996,"2024-04-22 09:53:18.097362"
1338,4.62,4.32,8.47,5.55,62.78,57.17,83.19,59.6,32.0,49.46,,252.95,22.556973,88.4940996,"2024-04-22 09:53:23.130486"
1339,4.66,4.38,9.59,5.91,57.7,55.29,84.15,61.84,32.0,48.06,,251.81,22.556973,88.4940996,"2024-04-22 09:53:28.160540"
1340,4.71,5.01,9.08,5.65,65.13,55.67,83.8,60.6,32.0,46.57,,252.7,22.556973,88.4940996,"2024-04-22 09:53:33.194248"
1341,4.12,4.35,8.48,5.7,62.99,57.34,81.02,59.02,32.0,48.58,,253.41,22.556973,88.4940996,"2024-04-22 09:53:38.228424"
1342,3.46,4.34,9.34,5.57,63.84,55.03,87.38,60.38,32.0,47.09,,252.15,22.556973,88.4940996,"2024-04-22 09:53:43.264876"
1343,3.87,5.24,8.63,5.82,56.16,56.01,85.03,62.03,32.0,46.62,,251.63,22.556973,88.4940996,"2024-04-22 09:53:48.304047"
1344,4.41,4.14,9.39,6.07,57.01,54.66,80.28,61.67,32.0,47.63,,252.5,22.556973,88.4940996,"2024-04-22 09:53:53.374863"
1345,5.03,4.51,9.73,6.33,56.88,56.57,85.85,60.11,32.0,47.67,,252.17,22.556973,88.4940996,"2024-04-22 09:53:58.439883"
1346,4.79,4.63,9.46,5.85,63.51,57.68,86.52,60.05,32.0,49.89,,253.12,22.556973,88.4940996,"2024-04-22 09:54:03.497448"
1347,4.59,4.04,8.47,6.05,55.58,52.44,83.6,58.24,32.0,48.66,,253.49,22.556973,88.4940996,"2024-04-22 09:54:08.543321"
1348,5.14,4.63,9.01,6.57,57.5,52.39,86.84,61.93,32.0,49.5,,251.77,22.556973,88.4940996,"2024-04-22 09:54:13.596836"
1349,4.5,4.12,9.05,6.15,59.4,50.13,85.01,62.09,32.0,46.57,,251.66,22.556973,88.4940996,"2024-04-22 09:54:18.633824"
1350,4.74,4.33,8.92,5.55,56.02,51.8,84.0,60.07,32.0,49.82,,252.22,22.556973,88.4940996,"2024-04-22 09:54:23.672681"
1351,5.49,4.17,9.49,5.77,62.14,54.52,84.95,60.67,32.0,49.1,,253.42,22.556973,88.4940996,"2024-04-22 09:54:28.711686"
1352,3.7,5.09,8.82,5.51,60.63,52.72,81.08,62.12,32.0,48.57,,252.55,22.556973,88.4940996,"2024-04-22 09:54:33.756472"
1353,5.0,4.99,9.21,5.8,63.48,54.75,81.26,60.75,32.0,49.38,,252.21,22.556973,88.4940996,"2024-04-22 09:54:38.799459"
1354,4.37,4.31,8.84,6.07,63.92,53.09,83.13,59.99,32.0,47.07,,252.37,22.556973,88.4940996,"2024-04-22 09:54:43.830055"
1355,4.3,4.08,8.62,6.21,61.75,55.07,81.09,60.06,32.0,48.74,,253.28,22.556973,88.4940996,"2024-04-22 09:54:48.873074"
1356,4.73,4.7,9.73,6.52,64.12,51.51,85.29,60.94,32.0,47.88,,251.71,22.556973,88.4940996,"2024-04-22 09:54:53.925353"
1357,4.52,5.05,8.86,5.55,56.08,50.2,85.49,58.32,32.0,47.62,,251.85,22.556973,88.4940996,"2024-04-22 09:54:58.989952"
1358,5.1,4.59,8.64,6.0,54.3,57.47,81.23,61.11,32.0,47.91,,251.95,22.556973,88.4940996,"2024-04-22 09:55:04.031674"
1359,4.11,4.65,9.31,5.96,60.52,57.76,86.3,61.7,32.0,49.59,,251.83,22.556973,88.4940996,"2024-04-22 09:55:09.088669"
1360,5.18,4.29,8.8,5.95,63.79,54.17,81.87,59.71,32.0,48.29,,251.61,22.556973,88.4940996,"2024-04-22 09:55:14.151805"
1361,4.33,5.4,9.38,6.11,58.26,53.34,84.85,58.71,32.0,48.63,,253.04,22.556973,88.4940996,"2024-04-22 09:55:19.180935"
1362,4.55,4.12,8.97,5.55,64.51,54.58,87.44,59.58,32.0,48.9,,251.63,22.556973,88.4940996,"2024-04-22 09:55:24.213458"
1363,3.7,4.86,9.43,6.18,58.09,50.51,81.58,58.72,32.0,47.67,,251.78,22.556973,88.4940996,"2024-04-22 09:55:29.250579"
1364,3.72,4.62,9.16,6.01,62.91,56.28,86.7,61.09,32.0,48.14,,251.73,22.556973,88.4940996,"2024-04-22 09:55:34.279683"
1365,4.42,5.24,9.11,6.47,61.73,54.99,84.31,61.36,32.0,46.42,,252.17,22.556973,88.4940996,"2024-04-22 09:55:39.331889"
1366,4.52,4.52,8.62,6.45,57.43,50.45,81.87,61.44,32.0,47.81,,252.38,22.556973,88.4940996,"2024-04-22 09:55:44.363898"
1367,3.21,4.43,8.61,5.77,63.98,56.76,81.13,61.92,32.0,48.69,,251.92,22.556973,88.4940996,"2024-04-22 09:55:49.395920"
1368,3.35,4.99,8.4,6.12,54.35,56.49,82.55,59.5,32.0,47.93,,252.5,22.556973,88.4940996,"2024-04-22 09:55:54.434104"
1369,3.5,5.34,8.95,6.05,56.91,56.82,83.46,60.91,32.0,49.03,,253.01,22.556973,88.4940996,"2024-04-22 09:55:59.486056"
1370,4.57,4.94,8.32,5.88,58.74,51.3,83.23,61.98,32.0,47.7,,251.79,22.556973,88.4940996,"2024-04-22 09:56:04.517826"
1371,4.23,4.18,8.83,6.14,56.24,51.7,81.78,61.98,32.0,46.93,,252.87,22.556973,88.4940996,"2024-04-22 09:56:09.548939"
1372,4.17,4.96,9.11,6.37,59.34,54.96,84.01,61.96,32.0,49.64,,252.88,22.556973,88.4940996,"2024-04-22 09:56:14.585781"
1373,4.78,4.69,9.29,6.52,63.1,56.12,84.37,59.61,32.0,46.51,,251.73,22.556973,88.4940996,"2024-04-22 09:56:19.615248"
1374,4.7,4.79,9.31,6.53,65.19,50.94,85.95,59.84,32.0,47.83,,252.99,22.556973,88.4940996,"2024-04-22 09:56:24.640746"
1375,4.35,4.8,8.59,6.38,60.68,52.89,84.59,61.23,32.0,49.21,,252.54,22.556973,88.4940996,"2024-04-22 09:56:29.667390"
1376,4.75,5.35,9.29,5.8,55.56,54.24,82.7,58.9,32.0,48.41,,253.1,22.556973,88.4940996,"2024-04-22 09:56:34.697026"
1377,4.32,5.09,9.37,5.7,58.76,52.82,86.11,60.39,32.0,49.97,,253.38,22.556973,88.4940996,"2024-04-22 09:56:39.728176"
1378,4.68,5.16,8.84,5.94,62.14,52.09,81.66,58.53,32.0,46.69,,253.42,22.556973,88.4940996,"2024-04-22 09:56:44.763244"
1379,4.38,4.78,8.62,5.99,55.77,56.6,82.88,62.03,32.0,48.78,,252.81,22.556973,88.4940996,"2024-04-22 09:56:49.795769"
1380,4.92,4.86,8.93,6.04,61.68,55.79,86.03,61.54,32.0,49.23,,252.32,22.556973,88.4940996,"2024-04-22 09:56:54.826910"
1381,3.43,4.61,9.63,5.94,63.02,55.7,85.05,62.01,32.0,47.72,,252.09,22.556973,88.4940996,"2024-04-22 09:56:59.857783"
1382,5.32,5.37,9.12,6.51,61.79,54.56,83.56,59.32,32.0,48.67,,252.07,22.556973,88.4940996,"2024-04-22 09:57:04.895343"
1383,3.46,4.8,8.4,5.76,55.79,55.95,86.53,61.86,32.0,47.03,,252.53,22.556973,88.4940996,"2024-04-22 09:57:09.920203"
1384,3.82,5.21,9.62,5.61,56.98,52.6,86.83,60.94,32.0,47.32,,252.76,22.556973,88.4940996,"2024-04-22 09:57:14.944612"
1385,3.24,4.28,9.75,5.74,59.05,56.98,80.76,61.5,32.0,49.87,,252.58,22.556973,88.4940996,"2024-04-22 09:57:19.969825"
1386,4.49,4.74,9.5,5.5,57.95,54.94,87.42,62.14,32.0,49.11,,252.67,22.556973,88.4940996,"2024-04-22 09:57:25.000325"
1387,4.23,4.91,9.66,5.54,57.41,57.55,81.96,59.01,32.0,49.05,,252.59,22.556973,88.4940996,"2024-04-22 09:57:30.025033"
1388,4.31,5.43,9.16,6.47,59.43,51.22,81.12,61.11,32.0,48.27,,252.66,22.556973,88.4940996,"2024-04-22 09:57:35.056047"
1389,4.05,4.64,9.79,6.44,60.22,56.38,81.28,58.41,32.0,49.85,,251.63,22.556973,88.4940996,"2024-04-22 09:57:40.083732"
1390,3.85,5.48,9.06,6.55,65.25,55.51,84.52,60.67,32.0,46.67,,251.91,22.556973,88.4940996,"2024-04-22 09:57:45.110149"
1391,3.46,4.82,8.42,6.14,54.09,55.27,83.37,60.25,32.0,49.99,,252.92,22.556973,88.4940996,"2024-04-22 09:57:50.141189"
1392,4.68,4.46,8.27,6.19,54.84,54.52,85.23,61.71,32.0,48.33,,251.95,22.556973,88.4940996,"2024-04-22 09:57:55.164753"
1393,4.1,5.07,9.04,5.77,58.8,56.51,84.89,59.62,32.0,47.58,,252.62,22.556973,88.4940996,"2024-04-22 09:58:00.201101"
1394,3.67,4.81,8.94,5.81,59.13,50.6,80.59,60.38,32.0,46.6,,253.17,22.556973,88.4940996,"2024-04-22 09:58:05.232804"
1395,3.66,5.1,8.39,6.3,61.01,50.23,80.03,60.72,32.0,46.72,,252.28,22.556973,88.4940996,"2024-04-22 09:58:10.261453"
1396,3.4,4.11,8.26,6.14,63.23,57.67,87.71,58.73,32.0,48.76,,253.04,22.556973,88.4940996,"2024-04-22 09:58:15.284631"
1397,3.36,4.71,9.5,5.92,55.31,53.66,86.01,61.94,32.0,47.73,,253.31,22.556973,88.4940996,"2024-04-22 09:58:20.314630"
1398,4.79,4.32,9.68,5.93,55.5,51.25,81.88,59.35,32.0,48.04,,253.46,22.556973,88.4940996,"2024-04-22 09:58:25.346154"
1399,4.61,4.56,8.62,6.57,59.77,52.34,84.65,60.17,32.0,46.47,,252.66,22.556973,88.4940996,"2024-04-22 09:58:30.372857"
1400,4.24,4.83,8.67,5.92,65.51,54.37,83.58,59.76,32.0,49.55,,252.46,22.556973,88.4940996,"2024-04-22 09:58:35.421021"
1401,5.34,4.9,9.21,6.0,60.57,51.77,81.39,61.44,32.0,48.39,,251.79,22.556973,88.4940996,"2024-04-22 09:58:40.447331"
1402,5.02,4.49,8.72,6.47,61.6,57.6,87.07,59.45,32.0,48.37,,251.66,22.556973,88.4940996,"2024-04-22 09:58:45.472586"
1403,5.05,4.92,8.72,6.36,55.87,50.87,86.33,59.57,32.0,46.59,,252.7,22.556973,88.4940996,"2024-04-22 09:58:50.498976"
1404,5.08,4.48,9.19,5.8,59.2,51.41,87.5,61.31,32.0,48.43,,251.61,22.556973,88.4940996,"2024-04-22 09:58:55.524338"
1405,4.4,5.12,8.84,6.08,58.21,52.54,81.74,60.58,32.0,48.47,,252.87,22.556973,88.4940996,"2024-04-22 09:59:00.549962"
1406,5.04,4.14,9.51,6.34,55.82,54.33,82.09,61.56,32.0,46.94,,253.34,22.556973,88.4940996,"2024-04-22 09:59:05.581157"
1407,4.92,4.22,9.71,6.2,61.0,54.86,84.43,60.66,32.0,46.47,,252.9,22.556973,88.4940996,"2024-04-22 09:59:10.611052"
1408,5.32,4.66,8.47,5.63,63.72,53.56,84.66,58.35,32.0,48.49,,251.62,22.556973,88.4940996,"2024-04-22 09:59:15.640373"
1409,3.42,5.29,8.59,5.95,60.03,51.38,87.91,58.6,32.0,48.65,,252.58,22.556973,88.4940996,"2024-04-22 09:59:20.678240"
1410,4.55,4.39,8.61,6.01,56.12,51.76,82.83,60.32,32.0,49.2,,251.6,22.556973,88.4940996,"2024-04-22 09:59:25.700774"
1411,4.53,5.37,8.29,5.54,57.45,53.47,82.99,58.48,32.0,47.33,,253.42,22.556973,88.4940996,"2024-04-22 09:59:30.729117"
1412,3.78,5.16,8.83,5.75,61.16,54.85,86.61,59.76,32.0,47.09,,252.17,22.556973,88.4940996,"2024-04-22 09:59:35.755164"
1413,4.08,5.02,9.26,6.42,54.35,50.1,84.24,59.74,32.0,46.51,,252.36,22.556973,88.4940996,"2024-04-22 09:59:40.779937"
1414,3.92,4.8,8.33,6.28,65.75,51.96,86.24,59.86,32.0,46.47,,252.56,22.556973,88.4940996,"2024-04-22 09:59:45.805811"
1415,3.21,4.65,9.36,5.87,57.86,53.87,81.13,61.79,32.0,46.61,,253.46,22.556973,88.4940996,"2024-04-22 09:59:50.836910"
1416,3.22,4.52,8.82,6.45,65.22,54.82,83.53,60.51,32.0,47.17,,251.62,22.556973,88.4940996,"2024-04-22 09:59:55.868015"
1417,3.52,4.33,9.42,5.67,64.24,52.37,82.94,60.71,32.0,47.88,,252.7,22.556973,88.4940996,"2024-04-22 10:00:00.896377"
1418,4.12,5.35,8.41,6.28,65.67,53.78,80.93,61.41,32.0,48.95,,252.45,22.556973,88.4940996,"2024-04-22 10:00:05.921623"
1419,5.14,5.47,8.25,6.22,55.94,50.45,83.24,59.06,32.0,49.12,,252.22,22.556973,88.4940996,"2024-04-22 10:00:10.943709"
1420,5.08,5.33,8.4,6.43,58.25,52.42,82.94,61.11,32.0,48.17,,253.03,22.556973,88.4940996,"2024-04-22 10:00:15.973340"
1421,3.99,4.88,9.47,6.15,64.38,56.79,81.04,60.31,32.0,49.01,,251.57,22.556973,88.4940996,"2024-04-22 10:00:21.000059"
1422,5.46,4.17,9.03,5.78,64.65,57.13,82.12,58.29,32.0,49.48,,253.21,22.556973,88.4940996,"2024-04-22 10:00:26.021742"
1423,3.87,5.06,9.03,5.93,64.59,50.69,85.05,61.69,32.0,46.91,,253.06,22.556973,88.4940996,"2024-04-22 10:00:31.050218"
1424,4.52,4.77,8.4,6.3,65.04,51.03,87.83,62.01,32.0,49.06,,252.31,22.556973,88.4940996,"2024-04-22 10:00:36.112022"
1425,5.44,4.62,9.19,6.0,55.34,56.81,84.5,58.97,32.0,46.8,,252.44,22.556973,88.4940996,"2024-04-22 10:00:41.135769"
1426,5.19,4.36,9.49,6.42,55.03,50.44,81.64,60.57,32.0,46.38,,252.63,22.556973,88.4940996,"2024-04-22 10:00:46.161757"
1427,3.46,5.18,9.12,5.89,60.23,50.14,82.15,59.75,32.0,48.6,,252.22,22.556973,88.4940996,"2024-04-22 10:00:51.185159"
1428,5.18,5.25,9.06,6.49,57.43,55.13,84.46,59.45,32.0,49.64,,252.29,22.556973,88.4940996,"2024-04-22 10:00:56.259927"
1429,4.65,5.43,8.33,6.22,60.63,56.55,86.67,59.03,32.0,49.94,,252.11,22.556973,88.4940996,"2024-04-22 10:01:01.311887"
1430,3.67,4.25,8.88,6.17,55.13,52.23,82.89,59.7,32.0,49.42,,252.65,22.556973,88.4940996,"2024-04-22 10:01:06.331945"
1431,3.99,4.87,8.57,6.02,65.56,51.69,83.33,61.83,32.0,49.82,,252.86,22.556973,88.4940996,"2024-04-22 10:01:11.359415"
1432,4.22,5.43,8.93,6.11,61.34,50.02,80.16,60.96,32.0,47.06,,252.96,22.556973,88.4940996,"2024-04-22 10:01:16.389208"
1433,3.39,5.35,9.14,6.39,55.28,54.14,84.16,60.42,32.0,49.26,,253.25,22.556973,88.4940996,"2024-04-22 10:01:21.417842"
1434,3.43,4.55,8.78,6.45,55.47,50.84,84.65,61.73,32.0,49.8,,251.68,22.556973,88.4940996,"2024-04-22 10:01:26.600278"
1435,5.25,5.48,8.2,6.32,65.17,53.39,80.2,62.08,32.0,46.21,,251.67,22.556973,88.4940996,"2024-04-22 10:01:31.628236"
1436,4.21,4.86,8.58,6.17,62.23,57.34,84.54,60.61,32.0,47.78,,253.14,22.556973,88.4940996,"2024-04-22 10:01:36.653462"
1437,5.37,4.41,9.35,5.91,58.16,55.18,83.03,61.69,32.0,46.72,,252.5,22.556973,88.4940996,"2024-04-22 10:01:41.680983"
1438,3.76,5.39,9.33,6.38,63.74,52.7,84.9,58.2,32.0,48.05,,253.29,22.556973,88.4940996,"2024-04-22 10:01:46.707371"
1439,4.73,4.13,8.58,5.98,61.54,55.7,85.06,59.28,32.0,48.65,,252.73,22.556973,88.4940996,"2024-04-22 10:01:51.740467"
1440,4.12,4.4,8.91,6.23,64.23,50.39,85.72,61.97,32.0,48.17,,253.23,22.556973,88.4940996,"2024-04-22 10:01:56.765704"
1441,5.26,5.37,9.6,5.62,62.64,52.84,82.06,61.87,32.0,49.75,,252.09,22.556973,88.4940996,"2024-04-22 10:02:01.794721"
1442,3.48,5.28,8.33,6.4,55.89,56.0,86.59,61.43,32.0,49.01,,253.43,22.556973,88.4940996,"2024-04-22 10:02:06.831601"
1443,3.41,4.11,9.02,6.15,63.49,51.79,86.96,58.87,32.0,49.28,,252.02,22.556973,88.4940996,"2024-04-22 10:02:11.863586"
1444,4.11,4.83,8.74,5.68,56.86,54.76,82.27,58.82,32.0,47.53,,252.74,22.556973,88.4940996,"2024-04-22 10:02:16.897339"
1445,4.64,4.71,9.04,5.64,59.43,55.29,80.25,62.1,32.0,49.49,,253.23,22.556973,88.4940996,"2024-04-22 10:02:21.929505"
1446,3.93,4.01,8.37,6.08,58.72,56.14,82.64,62.13,32.0,46.46,,253.3,22.556973,88.4940996,"2024-04-22 10:02:26.956480"
1447,3.98,5.45,8.43,6.42,65.19,51.32,84.98,60.92,32.0,47.79,,253.43,22.556973,88.4940996,"2024-04-22 10:02:31.986151"
1448,4.36,4.93,8.49,6.07,65.19,52.67,80.24,62.19,32.0,49.34,,252.62,22.556973,88.4940996,"2024-04-22 10:02:37.013615"
1449,5.1,5.5,8.27,6.06,64.95,55.09,83.32,58.72,32.0,47.8,,252.77,22.556973,88.4940996,"2024-04-22 10:02:42.037856"
1450,3.77,4.96,8.23,5.8,61.71,51.72,83.63,59.39,32.0,48.37,,251.99,22.556973,88.4940996,"2024-04-22 10:02:47.064858"
1451,5.08,5.1,8.65,5.96,55.29,55.64,84.31,58.78,32.0,47.0,,253.41,22.556973,88.4940996,"2024-04-22 10:02:52.092755"
1452,3.99,4.46,8.66,5.9,62.72,52.06,87.42,59.01,32.0,48.17,,252.2,22.556973,88.4940996,"2024-04-22 10:02:57.119972"
1453,5.39,5.07,9.2,5.53,65.63,50.7,81.67,61.62,32.0,46.23,,252.87,22.556973,88.4940996,"2024-04-22 10:03:02.150148"
1454,4.17,4.31,9.26,5.67,65.33,51.02,80.16,58.32,32.0,48.51,,252.95,22.556973,88.4940996,"2024-04-22 10:03:07.179649"
1455,3.83,4.47,8.65,5.62,65.04,57.75,85.42,59.96,32.0,48.89,,251.71,22.556973,88.4940996,"2024-04-22 10:03:12.208815"
1456,3.46,5.07,8.81,6.0,57.81,52.69,87.91,58.72,32.0,47.47,,252.09,22.556973,88.4940996,"2024-04-22 10:03:17.236643"
1457,3.4,4.23,8.93,5.9,54.03,52.35,86.46,61.98,32.0,49.66,,252.56,22.556973,88.4940996,"2024-04-22 10:03:22.261810"
1458,5.06,4.93,8.56,5.83,62.73,57.95,82.86,60.74,32.0,48.09,,251.59,22.556973,88.4940996,"2024-04-22 10:03:27.288298"
1459,3.39,4.39,9.52,5.87,54.23,53.54,86.15,61.97,32.0,46.47,,252.5,22.556973,88.4940996,"2024-04-22 10:03:32.314430"
1460,4.67,5.42,8.43,5.67,60.76,55.74,81.55,58.56,32.0,48.36,,253.26,22.556973,88.4940996,"2024-04-22 10:03:37.339530"
1461,4.97,5.02,8.84,6.37,58.31,53.54,82.53,60.88,32.0,47.07,,251.8,22.556973,88.4940996,"2024-04-22 10:03:42.365891"
1462,3.21,4.16,8.77,5.58,65.29,50.73,85.09,59.18,32.0,48.11,,252.69,22.556973,88.4940996,"2024-04-22 10:03:47.392818"
1463,5.3,4.67,9.29,5.9,64.36,57.13,85.35,58.56,32.0,47.99,,251.94,22.556973,88.4940996,"2024-04-22 10:03:52.417106"
1464,4.95,5.4,9.41,5.66,57.01,56.95,82.89,59.65,32.0,48.19,,253.39,22.556973,88.4940996,"2024-04-22 10:03:57.442719"
1465,4.03,5.24,9.01,5.79,55.34,51.41,85.73,61.2,32.0,48.39,,251.86,22.556973,88.4940996,"2024-04-22 10:04:02.470323"
1466,4.14,5.01,8.28,6.54,61.08,55.75,80.14,60.9,32.0,49.66,,253.21,22.556973,88.4940996,"2024-04-22 10:04:07.499290"
1467,3.35,4.75,8.53,5.93,56.19,52.03,86.85,60.46,32.0,48.41,,253.34,22.556973,88.4940996,"2024-04-22 10:04:12.526349"
1468,5.22,4.39,9.22,6.39,57.29,56.7,80.1,61.27,32.0,49.11,,251.52,22.556973,88.4940996,"2024-04-22 10:04:17.557070"
1469,3.25,4.15,9.24,5.97,65.72,54.59,83.18,59.11,32.0,46.82,,252.64,22.556973,88.4940996,"2024-04-22 10:04:22.584059"
1470,4.51,5.32,8.88,6.27,56.92,53.6,80.21,61.37,32.0,48.49,,252.31,22.556973,88.4940996,"2024-04-22 10:04:27.606306"
1471,4.16,4.32,9.69,5.67,64.76,55.43,84.07,58.63,32.0,46.6,,252.39,22.556973,88.4940996,"2024-04-22 10:04:32.662939"
1472,3.66,4.56,8.75,6.51,56.48,53.9,87.35,58.41,32.0,46.21,,252.24,22.556973,88.4940996,"2024-04-22 10:04:37.685636"
1473,3.88,4.81,8.95,5.53,61.42,57.5,84.39,60.61,32.0,48.69,,253.31,22.556973,88.4940996,"2024-04-22 10:04:42.710891"
1474,5.22,5.12,9.45,6.01,64.32,53.14,82.49,61.26,32.0,46.43,,253.37,22.556973,88.4940996,"2024-04-22 10:04:47.736664"
1475,4.11,5.49,9.36,6.04,59.57,51.3,80.76,58.51,32.0,49.21,,252.95,22.556973,88.4940996,"2024-04-22 10:04:52.759039"
1476,3.37,4.41,9.74,5.99,60.91,56.65,84.72,61.75,32.0,47.37,,252.45,22.556973,88.4940996,"2024-04-22 10:04:57.784866"
1477,3.66,5.2,9.4,6.59,61.86,51.3,85.71,62.3,32.0,48.22,,251.59,22.556973,88.4940996,"2024-04-22 10:05:02.816604"
1478,3.62,4.79,9.69,5.96,60.04,56.49,85.15,60.38,32.0,48.33,,251.9,22.556973,88.4940996,"2024-04-22 10:05:07.841746"
1479,4.74,4.8,8.83,5.86,65.77,55.61,80.67,61.51,32.0,49.14,,252.69,22.556973,88.4940996,"2024-04-22 10:05:12.868550"
1480,5.32,5.43,9.34,6.27,55.3,57.84,86.91,61.07,32.0,48.04,,251.68,22.556973,88.4940996,"2024-04-22 10:05:17.894544"
1481,3.91,5.44,8.67,5.83,62.15,50.09,86.18,61.95,32.0,47.94,,252.39,22.556973,88.4940996,"2024-04-22 10:05:22.916818"
1482,3.87,4.47,9.2,6.31,64.45,50.06,83.38,60.33,32.0,46.43,,252.98,22.556973,88.4940996,"2024-04-22 10:05:27.941216"
1483,4.93,4.91,8.72,5.82,59.66,54.02,83.56,61.82,32.0,49.41,,251.54,22.556973,88.4940996,"2024-04-22 10:05:32.971119"
1484,3.7,5.49,9.1,5.51,63.79,53.28,87.99,62.01,32.0,48.3,,251.87,22.556973,88.4940996,"2024-04-22 10:05:37.992391"
1485,5.3,5.38,9.42,5.68,56.22,56.3,83.22,59.8,32.0,47.75,,253.41,22.556973,88.4940996,"2024-04-22 10:05:43.019905"
1486,3.8,4.22,8.52,5.54,65.59,55.01,83.14,59.08,32.0,48.55,,251.98,22.556973,88.4940996,"2024-04-22 10:05:48.049292"
1487,4.98,4.79,8.58,5.68,56.71,50.66,84.95,60.68,32.0,47.43,,252.51,22.556973,88.4940996,"2024-04-22 10:05:53.079062"
1488,3.72,5.27,8.91,5.99,59.31,55.7,83.71,59.02,32.0,47.76,,252.91,22.556973,88.4940996,"2024-04-22 10:05:58.106064"
1489,3.31,4.63,9.03,6.55,60.73,56.44,86.11,58.46,32.0,47.14,,252.83,22.556973,88.4940996,"2024-04-22 10:06:03.136326"
1490,4.32,4.04,8.59,5.52,55.72,54.92,86.87,58.55,32.0,49.72,,253.05,22.556973,88.4940996,"2024-04-22 10:06:08.164886"
1491,5.14,4.05,9.39,6.01,62.23,55.38,83.71,58.4,32.0,47.75,,251.86,22.556973,88.4940996,"2024-04-22 10:06:13.189245"
1492,3.76,5.19,9.79,6.13,60.56,56.77,82.14,58.37,32.0,46.65,,252.01,22.556973,88.4940996,"2024-04-22 10:06:18.216987"
1493,4.16,4.44,8.78,6.41,62.49,57.53,87.76,60.59,32.0,49.9,,252.07,22.556973,88.4940996,"2024-04-22 10:06:23.242357"
1494,3.38,5.28,9.08,6.02,55.91,50.96,85.83,58.57,32.0,48.91,,251.84,22.556973,88.4940996,"2024-04-22 10:06:28.267448"
1495,5.35,4.42,9.7,5.87,54.62,53.33,84.45,62.03,32.0,47.46,,252.61,22.556973,88.4940996,"2024-04-22 10:06:33.298046"
1496,4.5,5.13,9.29,6.53,54.71,54.86,80.2,62.03,32.0,47.72,,252.28,22.556973,88.4940996,"2024-04-22 10:06:38.322164"
1497,4.33,5.23,9.65,6.19,56.05,57.86,83.53,59.08,32.0,46.67,,251.96,22.556973,88.4940996,"2024-04-22 10:06:43.345121"
1498,5.09,5.02,9.55,5.89,65.78,53.0,85.0,62.21,32.0,46.84,,253.35,22.556973,88.4940996,"2024-04-22 10:06:48.373672"
1499,3.92,5.49,9.29,6.59,62.44,53.71,80.32,60.31,32.0,48.16,,252.83,22.556973,88.4940996,"2024-04-22 10:06:53.405630"
1500,3.89,5.43,8.47,5.82,55.32,53.56,86.46,61.73,32.0,48.45,,252.47,22.556973,88.4940996,"2024-04-22 10:06:58.428380"
1501,3.59,5.35,9.71,6.42,57.13,50.76,83.35,58.93,32.0,47.33,,251.57,22.556973,88.4940996,"2024-04-22 10:07:03.459500"
1502,3.79,4.84,9.55,5.51,62.14,51.51,84.85,58.5,32.0,49.21,,252.97,22.556973,88.4940996,"2024-04-22 10:07:08.481427"
1503,4.29,5.09,8.25,6.13,63.01,52.64,82.17,59.93,32.0,49.52,,252.44,22.556973,88.4940996,"2024-04-22 10:07:13.505080"
1504,4.44,4.15,9.68,5.56,61.98,56.68,87.3,60.34,32.0,49.17,,252.37,22.556973,88.4940996,"2024-04-22 10:07:18.540947"
1505,4.45,5.43,9.65,6.15,62.54,56.75,87.15,61.64,32.0,48.0,,252.22,22.556973,88.4940996,"2024-04-22 10:07:23.566886"
1506,4.66,5.13,9.24,6.0,60.23,52.94,84.68,60.59,32.0,48.83,,252.03,22.556973,88.4940996,"2024-04-22 10:07:28.593459"
1507,4.28,4.81,9.24,6.01,64.03,52.0,80.18,58.9,32.0,46.87,,253.41,22.556973,88.4940996,"2024-04-22 10:07:33.622589"
1508,3.21,4.27,9.2,6.18,61.17,53.92,86.32,60.37,32.0,49.85,,251.6,22.556973,88.4940996,"2024-04-22 10:07:38.649934"
1509,3.38,4.28,9.05,5.95,55.11,55.77,83.77,59.22,32.0,49.97,,253.45,22.556973,88.4940996,"2024-04-22 10:07:43.673102"
1510,3.53,4.77,9.01,5.68,56.58,53.09,84.39,59.42,32.0,49.55,,252.9,22.556973,88.4940996,"2024-04-22 10:07:48.696224"
1511,5.41,5.31,8.75,6.5,55.73,50.51,80.52,59.98,32.0,46.74,,252.69,22.556973,88.4940996,"2024-04-22 10:07:53.723240"
1512,3.44,4.29,8.31,5.86,57.32,52.24,86.99,58.28,32.0,46.47,,252.7,22.556973,88.4940996,"2024-04-22 10:07:58.752579"
1513,3.4,5.28,9.3,6.34,65.93,52.07,86.18,58.5,32.0,48.8,,251.57,22.556973,88.4940996,"2024-04-22 10:08:03.782700"
1514,3.83,4.9,9.16,6.26,60.3,57.66,81.84,61.99,32.0,49.31,,252.48,22.556973,88.4940996,"2024-04-22 10:08:08.813588"
1515,4.71,4.15,9.03,5.69,58.54,53.12,86.61,58.25,32.0,48.93,,253.37,22.556973,88.4940996,"2024-04-22 10:08:13.842162"
1516,4.95,5.33,9.09,6.02,54.33,54.61,84.94,61.38,32.0,48.23,,252.57,22.556973,88.4940996,"2024-04-22 10:08:18.862706"
1517,3.86,4.87,8.43,6.31,56.91,55.73,87.17,61.04,32.0,46.42,,251.97,22.556973,88.4940996,"2024-04-22 10:08:23.883293"
1518,5.43,4.08,9.31,5.67,65.7,53.42,80.78,58.68,32.0,47.17,,251.53,22.556973,88.4940996,"2024-04-22 10:08:28.906505"
1519,5.01,4.99,8.6,5.75,60.47,56.69,82.23,60.17,32.0,49.14,,253.1,22.556973,88.4940996,"2024-04-22 10:08:33.934587"
1520,4.47,4.55,9.17,5.61,62.17,57.89,84.37,59.79,32.0,48.19,,253.36,22.556973,88.4940996,"2024-04-22 10:08:38.961840"
1521,3.85,4.86,9.41,5.95,60.43,50.9,85.93,58.73,32.0,49.88,,251.77,22.556973,88.4940996,"2024-04-22 10:08:43.984419"
1522,3.45,4.59,8.57,5.69,56.74,54.48,84.48,59.62,32.0,48.28,,251.86,22.556973,88.4940996,"2024-04-22 10:08:49.018384"
1523,5.25,4.86,8.85,6.38,62.0,55.54,82.37,61.58,32.0,48.14,,251.91,22.556973,88.4940996,"2024-04-22 10:08:54.050392"
1524,4.48,5.3,8.23,6.02,60.01,50.58,83.59,61.15,32.0,49.48,,252.03,22.556973,88.4940996,"2024-04-22 10:08:59.073634"
1525,5.38,4.6,9.0,6.01,62.58,57.62,81.95,60.08,32.0,48.89,,252.4,22.556973,88.4940996,"2024-04-22 10:09:04.097119"
1526,4.22,4.0,9.45,5.71,61.9,51.9,82.05,60.01,32.0,49.64,,253.32,22.556973,88.4940996,"2024-04-22 10:09:09.123289"
1527,3.77,4.91,9.58,6.39,60.85,53.0,86.41,58.51,32.0,46.36,,252.08,22.556973,88.4940996,"2024-04-22 10:09:14.150301"
1528,5.28,5.07,9.57,6.15,62.06,54.37,86.39,60.95,32.0,47.32,,251.93,22.556973,88.4940996,"2024-04-22 10:09:19.174132"
1529,4.31,4.13,8.26,6.41,63.19,51.4,87.47,58.62,32.0,46.61,,253.44,22.556973,88.4940996,"2024-04-22 10:09:24.213191"
1530,4.45,5.44,9.45,5.84,58.2,57.54,82.69,59.98,32.0,47.92,,253.13,22.556973,88.4940996,"2024-04-22 10:09:29.243124"
1531,3.59,4.22,9.07,5.9,62.12,53.19,80.65,58.59,32.0,47.59,,251.74,22.556973,88.4940996,"2024-04-22 10:09:34.266440"
1532,3.51,5.37,9.11,5.65,59.1,53.14,85.11,58.58,32.0,49.98,,252.88,22.556973,88.4940996,"2024-04-22 10:09:39.294384"
1533,3.58,5.14,8.8,5.57,64.09,57.3,80.66,58.86,32.0,48.71,,251.66,22.556973,88.4940996,"2024-04-22 10:09:44.329950"
1534,4.29,4.37,9.41,5.81,59.6,52.7,84.28,61.04,32.0,47.48,,251.54,22.556973,88.4940996,"2024-04-22 10:09:49.353066"
1535,5.35,5.44,8.78,5.91,61.76,54.0,86.02,59.67,32.0,46.93,,253.4,22.556973,88.4940996,"2024-04-22 10:09:54.378161"
1536,3.92,5.49,8.46,5.86,65.55,52.9,85.25,60.68,32.0,49.48,,252.08,22.556973,88.4940996,"2024-04-22 10:09:59.406025"
1537,3.59,4.68,9.36,6.35,59.4,57.23,86.48,61.26,32.0,48.08,,252.98,22.556973,88.4940996,"2024-04-22 10:10:04.428768"
1538,3.95,5.09,8.84,6.38,60.79,53.98,82.93,58.35,32.0,47.92,,252.23,22.556973,88.4940996,"2024-04-22 10:10:09.457377"
1539,3.39,4.15,8.24,6.11,58.81,50.07,85.22,62.03,32.0,49.97,,252.08,22.556973,88.4940996,"2024-04-22 10:10:14.489686"
1540,5.47,4.46,9.2,5.53,54.6,52.27,85.26,59.61,32.0,48.78,,252.6,22.556973,88.4940996,"2024-04-22 10:10:19.517674"
1541,3.48,4.37,9.17,6.26,62.03,51.44,83.96,61.08,32.0,46.98,,252.83,22.556973,88.4940996,"2024-04-22 10:10:24.545701"
1542,5.2,5.06,9.58,5.89,65.32,51.37,84.07,61.41,32.0,46.77,,251.86,22.556973,88.4940996,"2024-04-22 10:10:29.587336"
1543,3.51,4.21,8.64,6.12,56.26,54.98,85.35,59.0,32.0,47.53,,251.71,22.556973,88.4940996,"2024-04-22 10:10:34.627767"
1544,4.69,4.02,8.88,6.28,66.0,56.83,81.9,61.02,32.0,46.57,,252.03,22.556973,88.4940996,"2024-04-22 10:10:39.660657"
1545,5.44,4.04,8.69,5.59,58.46,53.07,81.58,60.46,32.0,49.99,,253.19,22.556973,88.4940996,"2024-04-22 10:10:44.707740"
1546,4.11,4.49,8.65,5.91,60.85,54.25,82.95,58.47,32.0,48.97,,252.86,22.556973,88.4940996,"2024-04-22 10:10:49.732023"
1547,4.32,5.41,8.54,5.87,55.66,54.92,80.17,60.54,32.0,46.86,,252.57,22.556973,88.4940996,"2024-04-22 10:10:54.758981"
1548,4.42,4.37,9.01,5.56,61.85,56.2,84.91,60.75,32.0,48.89,,253.21,22.556973,88.4940996,"2024-04-22 10:10:59.789315"
1549,4.28,4.54,8.5,6.33,63.2,55.49,82.97,62.03,32.0,47.91,,251.72,22.556973,88.4940996,"2024-04-22 10:11:04.840478"
1550,4.23,4.55,9.49,5.51,57.6,50.32,83.32,61.44,32.0,49.67,,252.13,22.556973,88.4940996,"2024-04-22 10:11:09.873844"
1551,4.84,5.15,9.06,6.45,58.74,53.85,83.49,59.07,32.0,49.84,,251.98,22.556973,88.4940996,"2024-04-22 10:11:14.919074"
1552,5.48,4.65,8.34,6.29,58.47,54.69,85.69,59.34,32.0,46.67,,251.71,22.556973,88.4940996,"2024-04-22 10:11:19.946169"
1553,3.3,4.19,9.42,6.09,61.92,54.25,80.72,61.28,32.0,46.49,,251.66,22.556973,88.4940996,"2024-04-22 10:11:24.973951"
1554,4.1,4.99,9.63,5.52,62.78,57.49,86.48,58.22,32.0,48.06,,253.09,22.556973,88.4940996,"2024-04-22 10:11:30.095664"
1555,3.51,4.97,8.45,6.46,55.88,51.26,81.67,61.72,32.0,48.96,,252.57,22.556973,88.4940996,"2024-04-22 10:11:35.118720"
1556,4.49,5.25,9.5,6.4,63.0,50.91,87.63,62.17,32.0,46.61,,253.41,22.556973,88.4940996,"2024-04-22 10:11:40.142363"
1557,4.15,4.11,9.38,6.48,62.15,51.26,80.24,60.18,32.0,49.95,,251.97,22.556973,88.4940996,"2024-04-22 10:11:45.168604"
1558,4.72,4.05,8.64,6.46,58.34,52.67,80.96,59.01,32.0,48.45,,253.1,22.556973,88.4940996,"2024-04-22 10:11:50.191036"
1559,5.14,5.44,8.4,5.92,54.58,51.6,81.22,58.9,32.0,46.94,,252.39,22.556973,88.4940996,"2024-04-22 10:11:55.215081"
1560,4.92,4.64,9.02,5.88,65.0,56.75,81.84,59.67,32.0,48.75,,252.13,22.556973,88.4940996,"2024-04-22 10:12:00.241641"
1561,4.41,4.02,9.14,5.78,60.63,52.12,86.37,60.37,32.0,46.62,,252.02,22.556973,88.4940996,"2024-04-22 10:12:05.269432"
1562,5.48,5.01,8.43,6.2,61.21,57.6,87.28,59.38,32.0,49.54,,252.65,22.556973,88.4940996,"2024-04-22 10:12:10.291978"
1563,4.76,4.86,9.49,6.01,57.51,55.33,85.37,61.17,32.0,46.42,,252.06,22.556973,88.4940996,"2024-04-22 10:12:15.325334"
1564,4.64,4.28,9.67,5.89,60.56,55.19,81.63,61.76,32.0,47.04,,252.45,22.556973,88.4940996,"2024-04-22 10:12:20.352994"
1565,3.29,4.06,9.28,6.19,60.0,56.27,83.38,61.28,32.0,48.91,,251.97,22.556973,88.4940996,"2024-04-22 10:12:25.373124"
1566,3.82,4.31,9.22,6.34,54.62,54.91,84.46,58.85,32.0,47.97,,252.65,22.556973,88.4940996,"2024-04-22 10:12:30.405641"
1567,4.43,5.41,9.21,5.89,60.5,54.26,80.26,62.24,32.0,47.39,,252.84,22.556973,88.4940996,"2024-04-22 10:12:35.432879"
1568,4.66,4.48,9.79,6.4,64.8,51.76,86.11,60.95,32.0,47.18,,251.61,22.556973,88.4940996,"2024-04-22 10:12:40.462021"
1569,5.27,4.46,8.23,5.53,60.65,50.55,81.44,61.63,32.0,46.26,,252.03,22.556973,88.4940996,"2024-04-22 10:12:45.488612"
1570,3.47,4.1,9.68,5.88,54.95,52.59,87.77,61.41,32.0,47.16,,253.49,22.556973,88.4940996,"2024-04-22 10:12:50.512212"
1571,3.89,5.15,9.47,5.66,65.81,57.05,87.7,58.25,32.0,48.13,,253.5,22.556973,88.4940996,"2024-04-22 10:12:55.542196"
1572,4.14,5.2,8.46,5.74,61.27,57.96,86.86,59.76,32.0,48.81,,251.77,22.556973,88.4940996,"2024-04-22 10:13:00.566108"
1573,3.36,4.09,8.79,5.55,57.01,52.72,81.52,60.9,32.0,48.91,,252.66,22.556973,88.4940996,"2024-04-22 10:13:05.591430"
1574,4.22,4.82,8.67,6.41,62.54,50.98,83.12,60.22,32.0,48.38,,252.68,22.556973,88.4940996,"2024-04-22 10:13:10.614597"
1575,5.04,4.3,8.85,6.49,64.94,53.07,84.96,62.15,32.0,49.42,,253.34,22.556973,88.4940996,"2024-04-22 10:13:15.639073"
1576,4.56,4.97,9.53,5.64,58.91,50.61,87.03,59.64,32.0,49.91,,252.99,22.556973,88.4940996,"2024-04-22 10:13:20.667547"
1577,4.65,5.3,9.5,6.09,54.1,50.95,86.76,58.55,32.0,48.8,,251.81,22.556973,88.4940996,"2024-04-22 10:13:25.693680"
1578,5.27,4.5,8.81,6.11,54.77,53.49,85.61,58.26,32.0,46.89,,252.69,22.556973,88.4940996,"2024-04-22 10:13:30.721925"
1579,3.66,5.18,8.46,5.78,64.62,51.52,87.46,58.3,32.0,49.46,,251.9,22.556973,88.4940996,"2024-04-22 10:13:35.748952"
1580,5.36,5.19,9.47,5.98,60.99,56.53,80.62,59.39,32.0,46.83,,253.05,22.556973,88.4940996,"2024-04-22 10:13:40.774672"
1581,5.39,4.87,8.95,6.6,59.15,53.23,81.13,58.2,32.0,49.36,,252.82,22.556973,88.4940996,"2024-04-22 10:13:45.799103"
1582,4.68,4.19,8.58,6.53,57.44,56.07,85.61,58.57,32.0,49.91,,251.91,22.556973,88.4940996,"2024-04-22 10:13:50.832816"
1583,4.6,5.09,9.18,5.72,55.38,52.07,80.97,60.29,32.0,46.21,,252.33,22.556973,88.4940996,"2024-04-22 10:13:55.864525"
1584,4.55,4.79,9.41,6.43,62.1,52.93,81.68,60.83,32.0,46.21,,251.98,22.556973,88.4940996,"2024-04-22 10:14:00.888348"
1585,3.7,5.3,8.91,6.45,57.04,54.92,83.75,58.23,32.0,46.83,,252.16,22.556973,88.4940996,"2024-04-22 10:14:05.914449"
1586,5.25,4.47,8.88,5.56,64.98,50.75,81.62,61.85,32.0,49.01,,252.79,22.556973,88.4940996,"2024-04-22 10:14:10.938885"
1587,4.96,4.63,9.28,5.86,58.74,54.71,83.06,59.06,32.0,48.86,,253.35,22.556973,88.4940996,"2024-04-22 10:14:15.966650"
1588,4.82,4.33,9.43,5.8,60.88,53.78,81.87,61.34,32.0,47.21,,251.98,22.556973,88.4940996,"2024-04-22 10:14:21.000628"
1589,4.98,5.44,9.58,6.07,56.41,54.47,87.0,60.01,32.0,48.54,,252.69,22.556973,88.4940996,"2024-04-22 10:14:26.033278"
1590,4.96,4.15,8.42,6.43,55.36,57.19,83.5,62.09,32.0,48.45,,251.51,22.556973,88.4940996,"2024-04-22 10:14:31.065593"
1591,5.21,5.19,9.28,6.32,61.84,54.74,87.68,61.24,32.0,47.85,,252.47,22.556973,88.4940996,"2024-04-22 10:14:36.104514"
1592,3.76,4.63,9.77,5.87,58.92,53.15,84.9,59.88,32.0,49.37,,252.33,22.556973,88.4940996,"2024-04-22 10:14:41.130954"
1593,3.56,4.15,8.24,6.04,63.23,57.79,84.61,58.87,32.0,49.9,,252.25,22.556973,88.4940996,"2024-04-22 10:14:46.159941"
1594,4.32,4.05,9.12,5.6,61.52,54.09,85.37,61.84,32.0,46.99,,252.77,22.556973,88.4940996,"2024-04-22 10:14:51.188206"
1595,5.28,4.61,9.62,5.59,64.65,54.5,81.25,60.46,32.0,48.7,,251.78,22.556973,88.4940996,"2024-04-22 10:14:56.215653"
1596,4.84,5.39,9.39,6.02,59.43,55.61,86.57,58.32,32.0,48.45,,253.28,22.556973,88.4940996,"2024-04-22 10:15:01.246791"
1597,3.77,4.55,8.53,6.47,54.46,52.58,87.06,59.9,32.0,46.94,,251.66,22.556973,88.4940996,"2024-04-22 10:15:06.278315"
1598,5.06,5.4,8.85,5.59,65.14,53.75,80.22,62.2,32.0,46.83,,253.28,22.556973,88.4940996,"2024-04-22 10:15:11.311430"
1599,3.37,4.1,9.64,5.63,55.53,52.75,87.39,61.27,32.0,46.41,,252.48,22.556973,88.4940996,"2024-04-22 10:15:16.339761"
1600,4.56,4.35,8.55,6.5,63.05,54.39,83.87,61.17,32.0,46.2,,251.75,22.556973,88.4940996,"2024-04-22 10:15:21.372376"
1601,4.9,4.65,8.53,6.05,64.48,52.75,85.94,60.83,32.0,46.41,,252.96,22.556973,88.4940996,"2024-04-22 10:15:26.406899"
1602,4.47,4.14,9.21,6.38,57.04,52.54,81.03,62.24,32.0,46.84,,252.06,22.556973,88.4940996,"2024-04-22 10:15:31.436776"
1603,3.67,4.86,8.36,5.63,54.82,57.58,81.07,58.87,32.0,46.31,,252.57,22.556973,88.4940996,"2024-04-22 10:15:36.469631"
1604,3.32,4.79,9.04,6.0,60.57,51.2,86.67,60.55,32.0,47.31,,251.75,22.556973,88.4940996,"2024-04-22 10:15:41.496767"
1605,4.83,5.08,9.29,5.74,61.12,55.41,86.93,61.32,32.0,47.56,,252.23,22.556973,88.4940996,"2024-04-22 10:15:46.526567"
1606,3.94,4.07,8.66,5.92,58.89,55.9,81.34,58.39,32.0,49.18,,251.95,22.556973,88.4940996,"2024-04-22 10:15:51.562791"
1607,3.77,4.92,9.22,5.85,54.89,53.58,84.15,60.73,32.0,48.37,,252.3,22.556973,88.4940996,"2024-04-22 10:15:56.594494"
1608,4.5,4.69,9.15,5.93,57.24,52.7,85.96,58.33,32.0,48.14,,253.14,22.556973,88.4940996,"2024-04-22 10:16:01.626425"
1609,4.45,4.97,8.23,5.92,62.81,54.64,81.19,60.23,32.0,48.12,,253.1,22.556973,88.4940996,"2024-04-22 10:16:06.653245"
1610,4.64,5.07,9.65,5.63,56.1,50.48,82.24,59.33,32.0,48.44,,252.9,22.556973,88.4940996,"2024-04-22 10:16:11.676795"
1611,4.16,4.72,9.38,6.58,62.75,52.19,80.76,61.97,32.0,48.7,,252.14,22.556973,88.4940996,"2024-04-22 10:16:16.698329"
1612,4.12,4.31,9.44,6.21,64.94,57.34,83.4,60.71,32.0,48.39,,252.61,22.556973,88.4940996,"2024-04-22 10:16:21.731156"
1613,5.19,4.8,8.93,6.11,56.25,56.11,87.61,59.71,32.0,46.52,,251.53,22.556973,88.4940996,"2024-04-22 10:16:26.759535"
1614,5.48,4.48,8.55,5.6,65.74,54.09,86.49,61.69,32.0,49.62,,253.49,22.556973,88.4940996,"2024-04-22 10:16:31.789046"
1615,4.1,4.11,8.88,6.17,60.75,50.89,85.43,58.62,32.0,49.75,,251.75,22.556973,88.4940996,"2024-04-22 10:16:36.827524"
1616,5.41,4.38,8.85,6.55,55.76,54.03,85.5,61.18,32.0,46.81,,252.01,22.556973,88.4940996,"2024-04-22 10:16:41.859841"
1617,3.91,4.13,9.72,6.05,55.22,55.5,86.67,60.9,32.0,49.0,,253.2,22.556973,88.4940996,"2024-04-22 10:16:46.887233"
1618,4.63,4.85,9.09,6.28,64.57,53.26,81.14,58.54,32.0,46.96,,251.51,22.556973,88.4940996,"2024-04-22 10:16:51.920684"
1619,3.52,5.39,8.96,6.59,59.72,54.12,81.65,59.35,32.0,46.7,,253.21,22.556973,88.4940996,"2024-04-22 10:16:56.949503"
1620,3.89,5.38,8.41,6.15,57.79,56.46,87.57,61.37,32.0,46.25,,253.48,22.556973,88.4940996,"2024-04-22 10:17:01.974822"
1621,4.95,4.58,9.65,6.05,54.43,53.31,81.64,58.85,32.0,46.48,,253.33,22.556973,88.4940996,"2024-04-22 10:17:07.000939"
1622,3.84,4.56,9.47,6.32,57.51,54.57,84.41,58.65,32.0,48.75,,252.6,22.556973,88.4940996,"2024-04-22 10:17:12.024095"
1623,5.48,4.57,9.57,5.56,56.69,52.64,87.32,61.59,32.0,46.91,,253.1,22.556973,88.4940996,"2024-04-22 10:17:17.049845"
1624,4.84,5.01,8.77,6.37,63.66,50.1,87.57,58.42,32.0,49.86,,253.4,22.556973,88.4940996,"2024-04-22 10:17:22.087958"
1625,4.5,4.86,8.9,5.8,57.04,55.37,86.36,60.69,32.0,47.37,,251.57,22.556973,88.4940996,"2024-04-22 10:17:27.114322"
1626,3.7,4.41,8.45,5.51,65.16,50.41,84.02,61.56,32.0,47.4,,252.97,22.556973,88.4940996,"2024-04-22 10:17:32.153236"
1627,3.55,5.46,9.35,6.23,59.81,56.93,85.33,59.7,32.0,49.88,,253.18,22.556973,88.4940996,"2024-04-22 10:17:37.178810"
1628,4.12,4.52,8.7,6.46,56.57,56.88,81.6,59.93,32.0,49.91,,252.56,22.556973,88.4940996,"2024-04-22 10:17:42.200189"
1629,4.99,5.02,9.18,5.72,65.32,57.81,83.7,58.44,32.0,46.53,,252.77,22.556973,88.4940996,"2024-04-22 10:17:47.226384"
1630,4.79,4.41,9.38,6.22,63.13,51.01,85.53,58.38,32.0,49.53,,252.86,22.556973,88.4940996,"2024-04-22 10:17:52.252249"
1631,5.31,5.16,8.69,6.33,59.87,51.34,87.61,61.06,32.0,49.55,,253.39,22.556973,88.4940996,"2024-04-22 10:17:57.276398"
1632,3.32,4.11,9.25,5.94,62.41,55.45,82.41,59.95,32.0,47.12,,252.51,22.556973,88.4940996,"2024-04-22 10:18:02.301525"
1633,5.13,5.38,9.41,6.02,56.27,51.65,81.57,61.19,32.0,48.08,,253.47,22.556973,88.4940996,"2024-04-22 10:18:07.328396"
1634,4.92,5.05,8.61,6.29,59.81,53.34,81.48,60.57,32.0,47.94,,252.24,22.556973,88.4940996,"2024-04-22 10:18:12.357499"
1635,4.84,5.03,9.54,6.5,56.51,50.08,87.66,61.29,32.0,48.78,,252.7,22.556973,88.4940996,"2024-04-22 10:18:17.383829"
1636,5.0,4.38,8.73,6.3,62.12,53.6,82.3,61.91,32.0,48.46,,253.15,22.556973,88.4940996,"2024-04-22 10:18:22.411180"
1637,4.67,4.57,8.26,5.59,55.42,57.06,85.53,58.32,32.0,49.61,,251.73,22.556973,88.4940996,"2024-04-22 10:18:27.440998"
1638,4.3,5.15,8.35,6.56,63.36,55.22,81.57,61.09,32.0,48.22,,252.3,22.556973,88.4940996,"2024-04-22 10:18:32.468154"
1639,4.3,5.09,9.53,5.99,55.84,55.95,86.98,62.24,32.0,48.59,,253.25,22.556973,88.4940996,"2024-04-22 10:18:37.497193"
1640,4.8,5.36,9.7,6.18,59.88,56.7,87.12,61.46,32.0,46.38,,251.86,22.556973,88.4940996,"2024-04-22 10:18:42.523788"
1641,3.54,5.1,9.13,6.43,57.17,57.45,82.75,58.82,32.0,47.18,,253.05,22.556973,88.4940996,"2024-04-22 10:18:47.551255"
1642,3.78,4.19,8.27,5.94,60.69,51.49,83.16,61.44,32.0,48.75,,253.26,22.556973,88.4940996,"2024-04-22 10:18:52.576780"
1643,3.48,4.41,9.51,5.81,59.23,52.72,83.86,61.91,32.0,47.97,,253.22,22.556973,88.4940996,"2024-04-22 10:18:57.599045"
1644,3.64,5.27,9.1,6.26,62.76,55.03,87.7,61.81,32.0,47.75,,252.76,22.556973,88.4940996,"2024-04-22 10:19:02.622707"
1645,5.07,4.45,8.91,5.87,63.58,55.06,81.98,59.85,32.0,49.65,,253.33,22.556973,88.4940996,"2024-04-22 10:19:07.645529"
1646,5.26,4.87,9.57,6.21,60.04,51.56,81.01,60.41,32.0,47.71,,252.56,22.556973,88.4940996,"2024-04-22 10:19:12.670169"
1647,3.28,4.79,8.39,6.1,60.91,57.16,85.25,61.6,32.0,47.66,,252.68,22.556973,88.4940996,"2024-04-22 10:19:17.700334"
1648,5.01,4.54,9.54,6.18,56.2,50.89,87.04,61.76,32.0,46.22,,252.44,22.556973,88.4940996,"2024-04-22 10:19:22.724430"
1649,4.27,4.67,9.03,6.52,55.89,53.07,82.22,61.31,32.0,46.35,,252.49,22.556973,88.4940996,"2024-04-22 10:19:27.747151"
1650,4.68,5.14,8.94,6.09,58.33,51.16,85.52,60.71,32.0,47.68,,251.87,22.556973,88.4940996,"2024-04-22 10:19:32.779456"
1651,3.87,4.83,8.55,6.39,58.97,50.26,82.25,60.42,32.0,49.05,,252.45,22.556973,88.4940996,"2024-04-22 10:19:37.804269"
1652,4.56,4.79,8.28,5.51,56.21,55.93,86.33,59.89,32.0,47.26,,252.36,22.556973,88.4940996,"2024-04-22 10:19:42.969029"
1653,5.33,5.1,9.13,5.58,57.53,57.32,84.16,59.91,32.0,47.78,,252.43,22.556973,88.4940996,"2024-04-22 10:19:47.989480"
1654,4.54,4.69,8.34,5.8,56.27,55.96,85.28,58.64,32.0,46.45,,252.76,22.556973,88.4940996,"2024-04-22 10:19:53.015651"
1655,4.91,4.12,9.51,5.75,65.58,57.89,82.6,60.95,32.0,47.81,,252.7,22.556973,88.4940996,"2024-04-22 10:19:58.037340"
1656,3.24,5.38,8.28,5.68,54.85,55.22,80.18,58.86,32.0,46.45,,251.89,22.556973,88.4940996,"2024-04-22 10:20:03.119270"
1657,3.39,4.78,9.71,6.02,55.1,55.42,83.49,58.98,32.0,48.41,,251.9,22.556973,88.4940996,"2024-04-22 10:20:08.144810"
1658,4.3,4.57,9.28,5.64,57.47,57.77,83.52,61.89,32.0,48.31,,251.74,22.556973,88.4940996,"2024-04-22 10:20:13.167078"
1659,4.53,4.4,8.53,6.47,58.35,54.65,87.54,61.65,32.0,48.22,,252.69,22.556973,88.4940996,"2024-04-22 10:20:18.193854"
1660,4.89,4.55,9.75,5.65,59.4,52.44,81.98,61.42,32.0,47.85,,251.68,22.556973,88.4940996,"2024-04-22 10:20:23.333697"
1661,4.96,4.59,8.43,6.19,63.92,55.35,87.67,62.0,32.0,49.42,,252.58,22.556973,88.4940996,"2024-04-22 10:20:28.357277"
1662,4.46,4.01,9.12,6.5,59.18,54.25,87.64,61.27,32.0,49.59,,253.41,22.556973,88.4940996,"2024-04-22 10:20:33.388056"
1663,5.5,5.42,9.24,5.68,56.35,52.61,83.52,59.86,32.0,48.48,,251.81,22.556973,88.4940996,"2024-04-22 10:20:38.448951"
1664,4.72,4.66,8.91,5.95,61.04,55.91,86.09,60.12,32.0,48.76,,251.61,22.556973,88.4940996,"2024-04-22 10:20:43.473347"
1665,3.49,4.8,8.9,6.44,64.82,50.59,84.5,59.76,32.0,49.37,,252.93,22.556973,88.4940996,"2024-04-22 10:20:48.506445"
1666,4.25,5.36,9.77,6.34,65.36,52.14,80.09,59.58,32.0,48.52,,253.07,22.556973,88.4940996,"2024-04-22 10:20:53.534781"
1667,5.08,4.05,8.41,5.85,55.22,54.81,81.53,60.7,32.0,46.42,,253.4,22.556973,88.4940996,"2024-04-22 10:20:58.562407"
1668,3.63,4.43,8.59,6.25,58.87,53.31,83.21,61.74,32.0,48.96,,252.38,22.556973,88.4940996,"2024-04-22 10:21:03.592154"
1669,3.52,5.31,9.19,5.88,56.23,55.59,87.41,58.2,32.0,49.51,,252.49,22.556973,88.4940996,"2024-04-22 10:21:08.624108"
1670,3.54,4.41,8.83,5.69,54.99,56.33,81.6,61.28,32.0,48.43,,252.43,22.556973,88.4940996,"2024-04-22 10:21:13.653001"
1671,5.34,4.3,8.91,6.22,62.48,57.1,87.02,61.66,32.0,46.45,,252.17,22.556973,88.4940996,"2024-04-22 10:21:18.682773"
1672,4.42,4.52,9.72,5.62,64.75,52.04,85.01,58.31,32.0,47.12,,253.0,22.556973,88.4940996,"2024-04-22 10:21:23.712637"
1673,4.84,5.34,9.55,5.73,56.73,55.03,81.66,61.17,32.0,46.24,,253.28,22.556973,88.4940996,"2024-04-22 10:21:28.743286"
1674,4.05,4.87,9.42,6.31,62.26,52.34,82.1,61.58,32.0,48.89,,253.02,22.556973,88.4940996,"2024-04-22 10:21:33.867753"
1675,4.63,5.32,9.07,5.58,62.59,53.58,80.42,60.36,32.0,48.51,,252.77,22.556973,88.4940996,"2024-04-22 10:21:38.898539"
1676,4.2,5.5,9.37,6.4,64.82,54.17,84.11,61.39,32.0,49.87,,252.34,22.556973,88.4940996,"2024-04-22 10:21:43.930656"
1677,5.1,4.26,8.21,6.56,55.34,53.09,85.35,61.19,32.0,48.36,,251.92,22.556973,88.4940996,"2024-04-22 10:21:49.002332"
1678,4.35,4.13,9.04,6.32,65.67,57.21,82.42,60.0,32.0,48.41,,252.57,22.556973,88.4940996,"2024-04-22 10:21:54.095405"
1679,3.45,4.4,9.58,5.77,59.2,56.09,83.72,61.1,32.0,47.35,,252.5,22.556973,88.4940996,"2024-04-22 10:21:59.136397"
1680,4.4,4.16,9.55,5.5,64.26,53.51,84.46,58.37,32.0,49.88,,253.08,22.556973,88.4940996,"2024-04-22 10:22:04.165493"
1681,3.61,5.36,9.62,6.29,60.69,57.2,81.84,58.37,32.0,46.58,,252.65,22.556973,88.4940996,"2024-04-22 10:22:09.191459"
1682,4.38,4.3,9.53,6.19,62.46,54.23,87.84,61.09,32.0,49.5,,252.87,22.556973,88.4940996,"2024-04-22 10:22:14.214150"
1683,4.04,4.07,9.62,5.57,58.54,50.48,83.93,58.47,32.0,49.34,,252.78,22.556973,88.4940996,"2024-04-22 10:22:19.247379"
1684,3.53,4.13,8.31,5.98,57.66,52.58,80.86,62.27,32.0,47.9,,252.44,22.556973,88.4940996,"2024-04-22 10:22:24.271795"
1685,5.14,4.8,8.74,5.95,63.86,58.0,84.66,58.98,32.0,46.43,,253.43,22.556973,88.4940996,"2024-04-22 10:22:29.294878"
1686,4.38,4.35,8.98,6.58,60.15,55.99,87.32,60.09,32.0,48.58,,253.14,22.556973,88.4940996,"2024-04-22 10:22:34.323180"
1687,3.7,5.3,9.67,6.54,57.93,51.4,85.18,58.78,32.0,49.15,,253.09,22.556973,88.4940996,"2024-04-22 10:22:39.345134"
1688,3.44,4.07,9.5,5.98,55.04,55.16,87.58,58.93,32.0,47.21,,253.28,22.556973,88.4940996,"2024-04-22 10:22:44.365405"
1689,5.42,4.81,9.06,6.16,58.74,50.51,86.14,60.9,32.0,48.07,,253.07,22.556973,88.4940996,"2024-04-22 10:22:49.392451"
1690,4.52,5.02,8.33,6.39,55.88,51.76,80.54,59.78,32.0,49.7,,253.36,22.556973,88.4940996,"2024-04-22 10:22:54.419676"
1691,3.72,4.72,8.72,6.36,65.38,52.12,83.54,61.53,32.0,49.9,,251.76,22.556973,88.4940996,"2024-04-22 10:22:59.450914"
1692,5.39,4.93,9.7,6.13,62.05,50.48,80.8,61.35,32.0,49.32,,252.64,22.556973,88.4940996,"2024-04-22 10:23:04.475638"
1693,5.16,4.98,8.58,6.58,64.86,53.72,80.43,61.72,32.0,48.34,,251.81,22.556973,88.4940996,"2024-04-22 10:23:09.501520"
1694,4.59,5.28,8.59,5.66,56.09,56.45,83.08,62.29,32.0,46.28,,251.99,22.556973,88.4940996,"2024-04-22 10:23:14.525757"
1695,5.48,5.26,8.48,6.03,58.12,56.51,86.94,61.73,32.0,46.59,,252.15,22.556973,88.4940996,"2024-04-22 10:23:19.548784"
1696,3.44,5.33,9.57,6.35,57.0,55.55,81.49,58.61,32.0,47.23,,253.33,22.556973,88.4940996,"2024-04-22 10:23:24.579024"
1697,3.88,5.11,9.77,6.19,57.07,54.42,87.35,61.41,32.0,47.31,,252.54,22.556973,88.4940996,"2024-04-22 10:23:29.608319"
1698,3.45,5.1,9.1,5.73,54.14,56.94,87.93,59.4,32.0,47.68,,252.3,22.556973,88.4940996,"2024-04-22 10:23:34.632828"
1699,4.47,4.85,9.74,6.0,56.1,54.45,80.59,58.96,32.0,47.7,,252.05,22.556973,88.4940996,"2024-04-22 10:23:39.661109"
1700,5.22,5.3,9.2,5.52,59.08,57.28,86.41,61.69,32.0,47.01,,252.07,22.556973,88.4940996,"2024-04-22 10:23:44.685710"
1701,5.21,4.68,8.92,6.51,65.98,52.58,81.93,58.88,32.0,46.26,,252.2,22.556973,88.4940996,"2024-04-22 10:23:49.838584"
1702,5.11,4.65,9.65,5.75,63.98,53.3,85.47,60.02,32.0,46.57,,252.92,22.556973,88.4940996,"2024-04-22 10:23:54.868794"
1703,4.34,4.84,9.05,6.55,60.23,50.63,84.11,58.2,32.0,48.94,,252.93,22.556973,88.4940996,"2024-04-22 10:23:59.891681"
1704,5.3,4.96,8.83,5.52,54.75,54.51,85.45,60.26,32.0,49.2,,253.06,22.556973,88.4940996,"2024-04-22 10:24:04.917025"
1705,3.31,4.16,9.41,6.02,55.0,57.09,84.07,61.67,32.0,49.8,,252.99,22.556973,88.4940996,"2024-04-22 10:24:09.946110"
1706,4.72,5.41,9.27,6.59,59.28,50.95,81.51,58.69,32.0,46.54,,252.9,22.556973,88.4940996,"2024-04-22 10:24:14.973665"
1707,4.51,4.4,8.85,6.12,64.32,51.42,87.85,58.44,32.0,49.42,,252.01,22.556973,88.4940996,"2024-04-22 10:24:19.996726"
1708,5.27,4.74,9.23,6.06,54.81,56.99,84.11,59.16,32.0,49.18,,252.59,22.556973,88.4940996,"2024-04-22 10:24:25.027494"
1709,3.92,4.53,8.27,6.49,59.38,54.51,80.6,59.9,32.0,46.65,,252.13,22.556973,88.4940996,"2024-04-22 10:24:30.051408"
1710,3.33,4.45,8.77,6.55,65.08,53.62,80.84,61.11,32.0,47.68,,252.66,22.556973,88.4940996,"2024-04-22 10:24:35.073191"
1711,3.55,4.3,9.47,5.52,64.61,56.6,80.61,60.08,32.0,48.41,,252.01,22.556973,88.4940996,"2024-04-22 10:24:40.111402"
1712,3.29,4.15,9.24,5.66,65.23,54.48,83.92,60.23,32.0,47.27,,251.63,22.556973,88.4940996,"2024-04-22 10:24:45.138002"
1713,3.85,5.18,9.75,5.77,56.49,54.64,87.69,58.67,32.0,49.57,,252.43,22.556973,88.4940996,"2024-04-22 10:24:50.165005"
1714,4.28,4.97,9.68,5.82,58.59,53.45,87.28,58.42,32.0,48.46,,253.06,22.556973,88.4940996,"2024-04-22 10:24:55.192557"
1715,5.35,4.83,8.96,6.57,62.42,54.06,86.43,62.17,32.0,47.07,,252.4,22.556973,88.4940996,"2024-04-22 10:25:00.215934"
1716,3.49,4.21,8.84,6.54,59.0,51.95,82.3,58.81,32.0,48.66,,252.49,22.556973,88.4940996,"2024-04-22 10:25:05.244585"
1717,3.44,5.04,8.92,5.96,61.25,51.92,84.28,59.53,32.0,48.56,,252.75,22.556973,88.4940996,"2024-04-22 10:25:10.267331"
1718,3.72,4.0,9.15,6.47,64.46,55.61,87.53,59.52,32.0,49.61,,253.27,22.556973,88.4940996,"2024-04-22 10:25:15.300684"
1719,5.01,5.4,8.65,6.13,55.26,55.84,86.01,61.64,32.0,48.37,,252.21,22.556973,88.4940996,"2024-04-22 10:25:20.354242"
1720,4.06,5.09,9.66,6.34,60.35,56.77,82.45,60.19,32.0,46.34,,252.76,22.556973,88.4940996,"2024-04-22 10:25:25.384607"
1721,4.33,5.14,8.2,6.16,62.03,53.98,86.31,61.95,32.0,47.46,,252.84,22.556973,88.4940996,"2024-04-22 10:25:30.407315"
1722,4.81,4.77,9.33,5.67,58.48,51.67,84.26,59.63,32.0,48.75,,251.82,22.556973,88.4940996,"2024-04-22 10:25:35.433132"
1723,4.42,4.16,9.74,6.53,63.24,53.11,85.1,60.44,32.0,47.3,,252.67,22.556973,88.4940996,"2024-04-22 10:25:40.459573"
1724,5.37,4.31,8.55,5.86,56.33,54.74,86.85,59.34,32.0,49.36,,251.94,22.556973,88.4940996,"2024-04-22 10:25:45.482490"
1725,5.31,5.34,8.99,5.6,61.34,55.92,85.44,59.63,32.0,49.94,,251.88,22.556973,88.4940996,"2024-04-22 10:25:50.504375"
1726,3.4,4.66,8.5,6.18,65.3,54.28,81.8,60.83,32.0,47.68,,251.71,22.556973,88.4940996,"2024-04-22 10:25:55.531643"
1727,3.89,4.24,8.29,6.43,64.54,54.56,83.59,58.9,32.0,47.9,,252.6,22.556973,88.4940996,"2024-04-22 10:26:00.558154"
1728,4.59,4.8,9.8,6.21,61.71,57.29,86.55,61.58,32.0,46.83,,253.4,22.556973,88.4940996,"2024-04-22 10:26:05.581922"
1729,4.16,5.41,8.45,5.82,64.09,52.5,85.72,59.49,32.0,46.72,,251.66,22.556973,88.4940996,"2024-04-22 10:26:10.610160"
1730,3.78,4.44,8.57,5.73,61.98,57.78,80.44,58.32,32.0,47.64,,252.05,22.556973,88.4940996,"2024-04-22 10:26:15.634057"
1731,4.99,4.52,8.54,5.69,60.24,55.76,81.86,61.25,32.0,49.88,,253.4,22.556973,88.4940996,"2024-04-22 10:26:20.662665"
1732,3.33,4.95,8.25,5.77,58.55,55.51,86.8,60.62,32.0,46.37,,253.34,22.556973,88.4940996,"2024-04-22 10:26:25.699610"
1733,3.23,4.05,9.76,5.71,63.22,52.92,84.51,59.32,32.0,49.16,,251.59,22.556973,88.4940996,"2024-04-22 10:26:30.730336"
1734,4.82,4.66,8.82,5.82,56.39,51.01,80.81,61.58,32.0,49.32,,252.54,22.556973,88.4940996,"2024-04-22 10:26:35.752774"
1735,3.62,5.39,8.67,5.6,62.59,56.8,82.05,60.22,32.0,48.97,,252.06,22.556973,88.4940996,"2024-04-22 10:26:40.776931"
1736,4.79,5.44,9.31,6.17,61.45,54.12,80.26,60.26,32.0,47.49,,253.39,22.556973,88.4940996,"2024-04-22 10:26:45.801657"
1737,5.19,5.5,9.5,6.45,63.93,53.4,84.43,59.34,32.0,49.08,,252.27,22.556973,88.4940996,"2024-04-22 10:26:50.831450"
1738,4.98,4.21,9.09,6.34,62.84,50.91,85.78,61.5,32.0,47.52,,253.33,22.556973,88.4940996,"2024-04-22 10:26:55.863031"
1739,3.71,4.24,8.46,6.16,57.72,50.32,85.56,60.44,32.0,47.6,,251.99,22.556973,88.4940996,"2024-04-22 10:27:00.887701"
1740,5.24,4.67,9.18,5.5,54.8,50.86,86.38,59.51,32.0,47.44,,252.57,22.556973,88.4940996,"2024-04-22 10:27:05.909594"
1741,5.44,4.52,9.27,5.58,62.65,50.64,87.47,60.59,32.0,47.63,,253.02,22.556973,88.4940996,"2024-04-22 10:27:10.938373"
1742,4.93,5.29,8.29,6.42,59.62,55.71,82.94,60.0,32.0,49.73,,252.7,22.556973,88.4940996,"2024-04-22 10:27:15.963889"
1743,3.49,4.02,9.06,5.97,58.73,53.0,81.07,60.4,32.0,48.92,,251.76,22.556973,88.4940996,"2024-04-22 10:27:20.990121"
1744,4.4,4.42,9.19,6.05,61.17,52.53,86.71,58.37,32.0,47.89,,252.44,22.556973,88.4940996,"2024-04-22 10:27:26.019978"
1745,4.19,4.92,9.19,6.46,56.82,54.1,82.13,61.85,32.0,47.86,,252.1,22.556973,88.4940996,"2024-04-22 10:27:31.048628"
1746,4.02,5.4,9.13,5.84,64.78,54.88,81.93,60.5,32.0,48.07,,252.11,22.556973,88.4940996,"2024-04-22 10:27:36.073544"
1747,5.12,5.25,9.11,5.88,65.03,57.1,86.36,61.0,32.0,49.9,,252.09,22.556973,88.4940996,"2024-04-22 10:27:41.101716"
1748,5.3,4.76,8.39,5.54,60.36,52.05,87.18,61.48,32.0,46.45,,253.08,22.556973,88.4940996,"2024-04-22 10:27:46.128484"
1749,4.8,4.06,8.35,6.18,60.46,52.77,81.7,61.93,32.0,49.65,,251.68,22.556973,88.4940996,"2024-04-22 10:27:51.159384"
1750,4.78,5.47,9.17,5.88,58.15,55.17,82.48,61.19,32.0,46.4,,253.12,22.556973,88.4940996,"2024-04-22 10:27:56.184384"
1751,4.77,4.2,9.45,6.32,59.02,54.3,80.68,61.4,32.0,46.5,,251.58,22.556973,88.4940996,"2024-04-22 10:28:01.206262"
1752,4.5,4.09,9.19,5.82,60.05,57.29,87.76,58.81,32.0,46.83,,252.73,22.556973,88.4940996,"2024-04-22 10:28:06.231332"
1753,3.29,5.16,8.87,5.51,60.44,55.15,81.11,58.84,32.0,46.21,,252.02,22.556973,88.4940996,"2024-04-22 10:28:11.260659"
1754,3.47,5.1,8.51,6.0,60.19,50.17,82.1,60.69,32.0,49.99,,253.04,22.556973,88.4940996,"2024-04-22 10:28:16.289830"
1755,4.25,4.81,8.29,6.5,64.51,52.61,81.89,61.77,32.0,47.22,,253.21,22.556973,88.4940996,"2024-04-22 10:28:21.320058"
1756,3.55,4.96,8.62,5.95,56.43,57.55,83.33,59.91,32.0,46.38,,252.5,22.556973,88.4940996,"2024-04-22 10:28:26.347261"
1757,4.89,4.7,9.77,6.44,64.12,52.53,82.01,60.47,32.0,49.85,,252.85,22.556973,88.4940996,"2024-04-22 10:28:31.373714"
1758,3.46,4.47,8.57,6.41,57.84,55.25,82.66,58.87,32.0,48.77,,252.89,22.556973,88.4940996,"2024-04-22 10:28:36.401468"
1759,4.33,5.21,8.26,6.54,61.54,55.54,81.54,59.93,32.0,46.59,,252.64,22.556973,88.4940996,"2024-04-22 10:28:41.428685"
1760,4.89,4.07,8.87,5.67,61.35,57.62,83.73,61.76,32.0,48.26,,251.93,22.556973,88.4940996,"2024-04-22 10:28:46.453325"
1761,4.08,4.01,8.48,6.37,64.69,53.51,86.47,58.84,32.0,46.69,,252.31,22.556973,88.4940996,"2024-04-22 10:28:51.484567"
1762,3.27,5.47,8.8,6.16,62.58,51.91,84.07,61.27,32.0,46.73,,252.25,22.556973,88.4940996,"2024-04-22 10:28:56.516212"
1763,4.36,4.29,8.82,6.25,55.2,54.06,80.68,58.42,32.0,48.64,,252.76,22.556973,88.4940996,"2024-04-22 10:29:01.556558"
1764,3.46,4.17,9.5,6.37,63.43,54.24,86.8,60.31,32.0,47.68,,253.5,22.556973,88.4940996,"2024-04-22 10:29:06.587458"
1765,5.01,4.57,8.32,6.52,58.79,50.13,87.53,60.07,32.0,49.3,,253.41,22.556973,88.4940996,"2024-04-22 10:29:11.612238"
1766,4.4,4.47,9.65,5.97,57.04,56.71,87.41,58.53,32.0,47.65,,251.74,22.556973,88.4940996,"2024-04-22 10:29:16.639538"
1767,3.32,5.31,8.21,5.97,62.18,54.01,86.99,58.83,32.0,48.08,,252.4,22.556973,88.4940996,"2024-04-22 10:29:21.668898"
1768,3.65,4.38,9.54,6.54,57.83,53.51,83.94,60.85,32.0,47.74,,252.18,22.556973,88.4940996,"2024-04-22 10:29:26.700333"
1769,3.59,5.36,9.74,6.22,61.67,50.66,84.3,61.86,32.0,47.32,,253.17,22.556973,88.4940996,"2024-04-22 10:29:31.735231"
1770,4.54,4.19,9.6,6.17,63.53,56.74,87.21,58.32,32.0,47.81,,251.65,22.556973,88.4940996,"2024-04-22 10:29:36.762282"
1771,3.51,4.81,9.06,6.54,57.85,51.47,82.81,59.97,32.0,48.99,,252.96,22.556973,88.4940996,"2024-04-22 10:29:41.785207"
1772,4.48,5.48,8.29,6.17,60.47,57.95,86.66,58.7,32.0,46.38,,253.43,22.556973,88.4940996,"2024-04-22 10:29:46.813616"
1773,4.17,5.35,9.69,5.69,56.86,56.17,82.53,58.94,32.0,49.61,,251.66,22.556973,88.4940996,"2024-04-22 10:29:51.854073"
1774,3.65,4.03,9.76,6.29,55.56,53.19,85.24,58.29,32.0,46.98,,252.02,22.556973,88.4940996,"2024-04-22 10:29:57.007550"
1775,3.62,4.77,9.44,6.51,59.16,53.23,85.89,60.02,32.0,49.03,,252.37,22.556973,88.4940996,"2024-04-22 10:30:02.031284"
1776,4.21,4.43,8.69,5.87,65.81,55.43,81.12,61.66,32.0,46.73,,252.91,22.556973,88.4940996,"2024-04-22 10:30:07.059061"
1777,3.52,4.59,8.31,6.43,60.58,55.24,84.73,60.74,32.0,48.98,,252.68,22.556973,88.4940996,"2024-04-22 10:30:12.086056"
1778,3.57,4.17,9.58,6.02,59.3,56.37,86.66,60.37,32.0,46.27,,252.11,22.556973,88.4940996,"2024-04-22 10:30:17.113819"
1779,3.45,4.18,8.22,6.12,55.13,51.73,80.15,62.13,32.0,46.52,,251.84,22.556973,88.4940996,"2024-04-22 10:30:22.142308"
1780,3.3,5.16,8.84,6.04,57.07,52.52,87.08,60.96,32.0,47.62,,253.08,22.556973,88.4940996,"2024-04-22 10:30:27.171571"
1781,3.56,4.53,8.59,5.93,63.83,56.76,86.94,61.38,32.0,47.04,,252.16,22.556973,88.4940996,"2024-04-22 10:30:32.202665"
1782,5.12,4.76,9.4,6.07,59.02,55.37,82.75,60.36,32.0,48.84,,251.95,22.556973,88.4940996,"2024-04-22 10:30:37.259331"
1783,4.11,5.19,8.24,5.5,59.35,53.18,85.69,62.25,32.0,49.96,,252.56,22.556973,88.4940996,"2024-04-22 10:30:42.285560"
1784,4.67,4.44,9.75,5.94,64.56,51.67,82.23,61.49,32.0,47.55,,252.17,22.556973,88.4940996,"2024-04-22 10:30:47.312231"
1785,5.08,4.27,9.64,6.07,56.13,56.11,86.66,60.83,32.0,49.01,,253.24,22.556973,88.4940996,"2024-04-22 10:30:52.341091"
1786,5.39,5.24,9.39,6.59,59.46,54.94,81.77,60.0,32.0,49.16,,252.13,22.556973,88.4940996,"2024-04-22 10:30:57.397933"
1787,4.93,5.23,9.4,5.52,65.8,56.88,86.01,60.89,32.0,48.1,,252.56,22.556973,88.4940996,"2024-04-22 10:31:02.426029"
1788,3.67,5.02,9.51,6.4,55.5,50.03,82.3,60.61,32.0,49.92,,252.28,22.556973,88.4940996,"2024-04-22 10:31:07.462106"
1789,3.75,4.93,8.33,6.41,64.77,51.27,80.15,58.54,32.0,49.72,,253.39,22.556973,88.4940996,"2024-04-22 10:31:12.500517"
1790,3.67,5.25,9.0,5.67,62.54,51.31,83.53,58.61,32.0,47.91,,251.82,22.556973,88.4940996,"2024-04-22 10:31:17.540194"
1791,4.37,4.59,9.15,6.47,55.41,52.95,81.71,61.17,32.0,49.19,,253.33,22.556973,88.4940996,"2024-04-22 10:31:22.579046"
1792,3.87,5.01,8.74,6.08,60.55,53.9,85.85,59.11,32.0,48.89,,252.37,22.556973,88.4940996,"2024-04-22 10:31:27.607466"
1793,3.56,5.08,8.51,6.03,58.73,53.94,81.46,61.65,32.0,49.64,,252.68,22.556973,88.4940996,"2024-04-22 10:31:32.637436"
1794,4.05,5.07,9.05,6.52,64.24,52.39,83.47,59.36,32.0,49.13,,252.16,22.556973,88.4940996,"2024-04-22 10:31:37.732445"
1795,4.99,4.12,9.36,6.07,54.97,54.48,80.74,62.06,32.0,48.94,,252.34,22.556973,88.4940996,"2024-04-22 10:31:42.765138"
1796,5.05,5.26,9.34,6.48,61.78,52.6,82.48,61.94,32.0,48.89,,252.79,22.556973,88.4940996,"2024-04-22 10:31:47.792697"
1797,5.04,4.9,9.19,5.61,63.33,51.65,86.06,59.02,32.0,49.58,,252.94,22.556973,88.4940996,"2024-04-22 10:31:52.819403"
1798,4.98,4.18,8.7,6.02,56.26,57.45,80.59,61.61,32.0,49.88,,252.31,22.556973,88.4940996,"2024-04-22 10:31:57.847764"
1799,5.08,5.32,8.35,6.39,57.69,56.34,80.93,60.99,32.0,46.23,,251.65,22.556973,88.4940996,"2024-04-22 10:32:02.872137"
1800,4.86,4.26,8.91,5.65,61.86,52.62,86.51,59.14,32.0,48.1,,252.23,22.556973,88.4940996,"2024-04-22 10:32:07.899082"
1801,3.35,5.37,8.87,5.69,54.95,51.52,81.94,60.56,32.0,48.12,,252.58,22.556973,88.4940996,"2024-04-22 10:32:12.929011"
1802,3.61,4.01,8.92,6.43,56.66,50.29,86.28,59.97,32.0,47.32,,252.24,22.556973,88.4940996,"2024-04-22 10:32:17.966683"
1803,3.98,5.2,8.44,6.02,63.27,53.84,82.46,60.05,32.0,46.56,,253.13,22.556973,88.4940996,"2024-04-22 10:32:23.007374"
1804,5.07,4.08,9.78,6.11,59.92,57.03,82.7,59.76,32.0,48.86,,253.05,22.556973,88.4940996,"2024-04-22 10:32:28.036771"
1805,3.2,5.41,9.62,5.61,57.85,57.76,80.6,60.82,32.0,47.15,,251.94,22.556973,88.4940996,"2024-04-22 10:32:33.061943"
1806,4.9,4.99,9.59,6.17,54.27,52.61,87.07,59.94,32.0,46.67,,251.68,22.556973,88.4940996,"2024-04-22 10:32:38.092348"
1807,4.16,4.07,9.09,6.37,60.18,55.8,87.5,59.49,32.0,47.78,,252.57,22.556973,88.4940996,"2024-04-22 10:32:43.125102"
1808,3.76,5.36,9.13,5.95,58.76,53.81,83.96,62.29,32.0,48.85,,252.98,22.556973,88.4940996,"2024-04-22 10:32:48.161749"
1809,4.61,4.88,8.95,5.91,54.56,56.16,82.55,60.84,32.0,46.27,,252.38,22.556973,88.4940996,"2024-04-22 10:32:53.191487"
1810,3.79,5.15,8.49,5.73,61.17,53.24,80.38,58.31,32.0,46.24,,253.41,22.556973,88.4940996,"2024-04-22 10:32:58.220583"
1811,4.7,4.75,9.62,5.76,59.36,54.21,86.28,61.6,32.0,49.25,,253.37,22.556973,88.4940996,"2024-04-22 10:33:03.245362"
1812,3.4,4.73,8.41,6.02,55.99,56.79,86.98,60.76,32.0,47.38,,251.91,22.556973,88.4940996,"2024-04-22 10:33:08.280608"
1813,4.88,5.19,8.28,6.21,65.51,56.9,83.81,59.62,32.0,49.12,,253.06,22.556973,88.4940996,"2024-04-22 10:33:13.311632"
1814,3.67,4.93,9.12,6.2,65.53,56.14,87.76,61.14,32.0,48.26,,251.99,22.556973,88.4940996,"2024-04-22 10:33:18.343703"
1815,4.54,4.69,9.57,5.68,57.07,51.4,87.42,58.61,32.0,46.51,,252.62,22.556973,88.4940996,"2024-04-22 10:33:23.380654"
1816,3.53,5.19,9.08,6.08,54.81,53.81,81.28,59.92,32.0,46.41,,251.63,22.556973,88.4940996,"2024-04-22 10:33:28.420380"
1817,3.49,4.53,9.07,6.6,57.99,57.2,82.23,61.85,32.0,46.95,,253.11,22.556973,88.4940996,"2024-04-22 10:33:33.450139"
1818,4.82,4.94,8.23,5.99,54.98,53.46,81.21,58.42,32.0,48.79,,252.09,22.556973,88.4940996,"2024-04-22 10:33:38.471082"
1819,4.44,4.51,8.73,6.44,60.42,52.77,82.73,59.78,32.0,47.49,,251.87,22.556973,88.4940996,"2024-04-22 10:33:43.493916"
1820,3.57,4.74,9.39,6.56,63.47,53.56,86.04,59.42,32.0,48.49,,252.44,22.556973,88.4940996,"2024-04-22 10:33:48.527380"
1821,3.49,4.9,8.6,5.69,55.28,57.4,84.41,58.91,32.0,49.52,,251.82,22.556973,88.4940996,"2024-04-22 10:33:53.560460"
1822,4.74,4.67,8.45,5.98,61.2,56.24,85.18,61.84,32.0,47.71,,252.95,22.556973,88.4940996,"2024-04-22 10:33:58.586779"
1823,4.79,4.79,8.84,5.77,60.85,54.69,82.09,60.8,32.0,46.94,,253.45,22.556973,88.4940996,"2024-04-22 10:34:03.638607"
1824,4.65,5.45,9.78,6.57,59.86,52.85,80.14,61.89,32.0,49.96,,253.29,22.556973,88.4940996,"2024-04-22 10:34:08.668301"
1825,3.34,4.69,9.24,6.06,55.42,50.26,80.77,59.91,32.0,48.6,,253.37,22.556973,88.4940996,"2024-04-22 10:34:13.700904"
1826,4.14,4.55,8.51,5.97,54.71,57.27,80.99,58.28,32.0,48.9,,252.58,22.556973,88.4940996,"2024-04-22 10:34:18.735203"
1827,4.34,4.84,9.21,6.18,54.6,51.04,81.96,62.09,32.0,47.38,,252.45,22.556973,88.4940996,"2024-04-22 10:34:23.803892"
1828,4.08,4.31,8.87,6.3,65.78,52.44,80.78,59.31,32.0,48.2,,253.35,22.556973,88.4940996,"2024-04-22 10:34:28.836019"
1829,3.61,4.64,8.88,5.93,61.62,57.03,86.11,60.1,32.0,48.18,,253.05,22.556973,88.4940996,"2024-04-22 10:34:33.887254"
1830,5.07,4.52,9.67,5.78,65.56,56.02,86.79,59.78,32.0,48.45,,252.98,22.556973,88.4940996,"2024-04-22 10:34:38.964383"
1831,4.63,4.89,9.3,6.01,62.07,57.08,86.4,61.2,32.0,48.24,,253.33,22.556973,88.4940996,"2024-04-22 10:34:43.996407"
1832,4.02,4.89,9.54,5.53,63.43,55.22,82.56,61.05,32.0,48.25,,252.99,22.556973,88.4940996,"2024-04-22 10:34:49.031128"
1833,4.63,4.98,9.47,6.02,58.65,55.7,83.42,59.6,32.0,48.53,,252.53,22.556973,88.4940996,"2024-04-22 10:34:54.069419"
1834,4.58,4.54,8.23,5.83,55.22,54.04,81.18,62.23,32.0,49.58,,251.65,22.556973,88.4940996,"2024-04-22 10:34:59.099519"
1835,3.44,4.78,9.49,6.55,63.81,52.38,85.34,58.89,32.0,47.65,,251.6,22.556973,88.4940996,"2024-04-22 10:35:04.130760"
1836,4.32,4.63,8.36,5.79,60.68,54.28,82.28,58.37,32.0,48.85,,253.41,22.556973,88.4940996,"2024-04-22 10:35:09.166848"
1837,5.06,5.49,8.92,6.3,65.15,53.12,80.95,60.31,32.0,46.88,,252.45,22.556973,88.4940996,"2024-04-22 10:35:14.196945"
1838,3.96,4.11,8.87,5.81,59.22,54.53,82.76,60.73,32.0,49.33,,252.6,22.556973,88.4940996,"2024-04-22 10:35:19.229488"
1839,5.32,4.17,8.89,6.47,65.86,50.37,84.11,61.97,32.0,47.2,,252.23,22.556973,88.4940996,"2024-04-22 10:35:24.258535"
1840,4.79,4.9,9.79,6.46,55.83,52.03,84.24,59.56,32.0,47.03,,252.0,22.556973,88.4940996,"2024-04-22 10:35:29.286272"
1841,5.08,4.54,9.66,6.32,54.98,52.93,87.54,62.1,32.0,49.47,,252.7,22.556973,88.4940996,"2024-04-22 10:35:34.318986"
1842,4.42,4.18,8.61,5.96,64.16,56.37,83.34,59.72,32.0,48.2,,251.93,22.556973,88.4940996,"2024-04-22 10:35:39.350395"
1843,4.29,4.76,9.03,6.42,64.56,53.83,82.94,60.12,32.0,49.47,,252.48,22.556973,88.4940996,"2024-04-22 10:35:44.382884"
1844,5.28,4.32,8.48,5.85,65.27,51.6,82.76,58.78,32.0,48.05,,252.42,22.556973,88.4940996,"2024-04-22 10:35:49.420555"
1845,3.7,4.95,9.29,6.28,59.86,55.05,86.94,59.59,32.0,46.53,,252.16,22.556973,88.4940996,"2024-04-22 10:35:54.472453"
1846,5.29,4.07,9.17,5.88,54.1,52.91,82.02,58.28,32.0,48.27,,252.79,22.556973,88.4940996,"2024-04-22 10:35:59.520544"
1847,5.35,4.4,8.33,6.22,56.23,51.47,87.82,59.67,32.0,49.28,,252.39,22.556973,88.4940996,"2024-04-22 10:36:04.558445"
1848,4.76,5.08,8.8,6.03,57.83,53.8,82.97,60.43,32.0,47.01,,251.86,22.556973,88.4940996,"2024-04-22 10:36:09.592673"
1849,3.83,4.81,8.52,6.47,58.8,53.18,84.82,60.98,32.0,47.73,,251.96,22.556973,88.4940996,"2024-04-22 10:36:14.658818"
1850,3.86,4.83,8.9,6.49,62.84,51.51,81.13,61.0,32.0,49.33,,253.08,22.556973,88.4940996,"2024-04-22 10:36:19.695521"
1851,4.09,4.57,8.64,5.74,58.04,54.8,87.4,61.46,32.0,47.21,,253.5,22.556973,88.4940996,"2024-04-22 10:36:24.723904"
1852,3.61,4.99,8.54,5.76,62.44,56.88,84.94,60.98,32.0,49.1,,252.55,22.556973,88.4940996,"2024-04-22 10:36:29.747263"
1853,4.79,4.59,8.58,6.56,56.51,50.22,81.31,61.72,32.0,48.61,,252.4,22.556973,88.4940996,"2024-04-22 10:36:34.777924"
1854,3.64,4.46,8.41,6.6,63.88,52.47,82.86,58.31,32.0,46.5,,252.33,22.556973,88.4940996,"2024-04-22 10:36:39.802949"
1855,3.7,5.25,9.24,6.37,62.59,57.78,87.32,61.44,32.0,48.26,,252.2,22.556973,88.4940996,"2024-04-22 10:36:44.826288"
1856,3.37,4.04,8.52,5.82,65.27,51.91,84.7,59.0,32.0,47.2,,251.89,22.556973,88.4940996,"2024-04-22 10:36:49.859964"
1857,4.21,4.76,9.27,5.59,64.97,56.55,87.54,59.11,32.0,47.88,,251.76,22.556973,88.4940996,"2024-04-22 10:36:54.896627"
1858,3.65,4.54,8.2,6.12,56.76,55.87,82.7,59.88,32.0,49.22,,252.21,22.556973,88.4940996,"2024-04-22 10:36:59.925207"
1859,4.26,4.12,8.91,6.22,59.41,53.45,82.29,61.48,32.0,49.4,,252.34,22.556973,88.4940996,"2024-04-22 10:37:04.952149"
1860,3.27,4.25,9.62,5.62,61.95,50.41,81.2,61.9,32.0,47.95,,252.88,22.556973,88.4940996,"2024-04-22 10:37:09.999567"
1861,5.27,4.22,8.35,6.37,57.26,50.05,85.5,59.96,32.0,46.38,,253.1,22.556973,88.4940996,"2024-04-22 10:37:15.040837"
1862,3.26,4.15,9.65,6.55,59.13,51.42,85.25,60.29,32.0,49.57,,253.2,22.556973,88.4940996,"2024-04-22 10:37:20.122611"
1863,4.97,4.99,9.15,5.95,60.68,53.46,81.91,61.53,32.0,48.0,,251.93,22.556973,88.4940996,"2024-04-22 10:37:25.161070"
1864,4.09,4.58,8.22,5.56,61.57,55.89,82.58,59.78,32.0,49.7,,253.26,22.556973,88.4940996,"2024-04-22 10:37:30.197910"
1865,5.27,4.61,9.69,5.87,63.04,56.98,80.61,61.2,32.0,49.94,,252.97,22.556973,88.4940996,"2024-04-22 10:37:35.234021"
1866,4.23,4.93,9.18,5.83,65.74,51.61,87.81,62.19,32.0,48.36,,251.95,22.556973,88.4940996,"2024-04-22 10:37:40.269547"
1867,4.28,5.17,8.66,6.24,54.27,57.41,83.19,61.13,32.0,48.68,,252.61,22.556973,88.4940996,"2024-04-22 10:37:45.297001"
1868,4.09,4.19,9.54,5.73,57.95,51.2,86.49,61.24,32.0,48.6,,252.7,22.556973,88.4940996,"2024-04-22 10:37:50.333060"
1869,4.23,4.69,9.73,5.8,58.52,54.38,80.67,58.58,32.0,48.8,,253.14,22.556973,88.4940996,"2024-04-22 10:37:55.361611"
1870,3.63,4.67,9.71,6.03,57.66,54.07,86.8,58.78,32.0,47.81,,252.71,22.556973,88.4940996,"2024-04-22 10:38:00.397140"
1871,3.69,4.24,8.21,6.3,63.97,52.13,83.41,58.71,32.0,47.31,,252.09,22.556973,88.4940996,"2024-04-22 10:38:05.429517"
1872,5.06,5.35,9.78,6.39,62.31,53.22,84.49,60.73,32.0,49.65,,253.4,22.556973,88.4940996,"2024-04-22 10:38:10.456934"
1873,3.81,5.2,9.09,5.71,55.47,51.13,81.0,59.32,32.0,46.24,,251.74,22.556973,88.4940996,"2024-04-22 10:38:15.485991"
1874,4.19,5.45,9.46,5.86,65.57,54.23,84.23,61.33,32.0,46.58,,251.64,22.556973,88.4940996,"2024-04-22 10:38:20.518198"
1875,3.75,5.37,8.84,5.54,62.21,57.2,81.2,59.96,32.0,49.99,,253.31,22.556973,88.4940996,"2024-04-22 10:38:25.552480"
1876,5.35,4.66,8.39,6.03,54.07,52.27,80.72,61.79,32.0,46.5,,253.15,22.556973,88.4940996,"2024-04-22 10:38:30.586903"
1877,3.66,4.41,8.89,5.96,57.27,52.22,86.38,61.18,32.0,46.56,,251.88,22.556973,88.4940996,"2024-04-22 10:38:35.622149"
1878,4.81,4.96,8.61,6.06,64.46,50.64,86.9,60.76,32.0,47.53,,253.15,22.556973,88.4940996,"2024-04-22 10:38:40.667197"
1879,4.54,4.82,8.65,5.58,55.01,52.3,84.62,59.78,32.0,47.83,,251.56,22.556973,88.4940996,"2024-04-22 10:46:05.587154"
1880,3.39,4.97,9.12,6.05,63.32,56.33,85.24,62.28,32.0,47.94,,252.61,22.556973,88.4940996,"2024-04-22 10:46:10.637741"
1881,4.22,4.42,8.96,5.79,62.27,53.29,85.48,61.36,32.0,49.62,,252.38,22.556973,88.4940996,"2024-04-22 10:46:15.664213"
1882,5.41,4.75,9.78,5.55,62.94,55.65,80.59,59.12,32.0,49.06,,253.28,22.556973,88.4940996,"2024-04-22 10:46:20.690896"
1883,5.18,5.4,9.17,5.68,62.48,55.73,86.2,60.66,32.0,47.06,,251.67,22.556973,88.4940996,"2024-04-22 10:46:25.717968"
1884,4.46,5.14,8.69,6.35,59.62,51.98,82.91,59.89,32.0,48.16,,252.02,22.556973,88.4940996,"2024-04-22 10:46:30.746631"
1885,5.23,5.28,9.55,6.12,61.74,52.97,86.4,59.75,32.0,46.74,,251.68,22.556973,88.4940996,"2024-04-22 10:46:35.776032"
1886,3.98,5.06,9.49,6.28,58.24,50.26,80.34,62.12,32.0,46.83,,252.08,22.556973,88.4940996,"2024-04-22 10:46:40.801385"
1887,4.74,4.72,9.1,6.2,57.04,52.42,83.01,59.34,32.0,47.28,,252.88,22.556973,88.4940996,"2024-04-22 10:46:45.825327"
1888,5.1,5.28,9.36,5.94,63.47,56.46,80.5,60.17,32.0,47.4,,253.07,22.556973,88.4940996,"2024-04-22 10:46:50.854291"
1889,3.87,4.06,9.52,6.05,64.3,52.0,83.01,58.85,32.0,48.32,,251.74,22.556973,88.4940996,"2024-04-22 10:46:55.884075"
1890,4.6,4.76,8.57,6.49,64.72,53.33,80.49,60.99,32.0,47.61,,252.15,22.556973,88.4940996,"2024-04-22 10:47:00.910136"
1891,3.51,4.26,8.99,6.22,56.88,55.28,81.12,61.85,32.0,47.84,,252.05,22.556973,88.4940996,"2024-04-22 10:47:05.936142"
1892,4.32,5.48,9.63,6.56,55.05,54.38,84.25,58.32,32.0,49.9,,252.92,22.556973,88.4940996,"2024-04-22 10:47:10.960345"
1893,3.74,5.28,8.86,6.57,61.52,52.23,86.05,62.28,32.0,46.34,,251.87,22.556973,88.4940996,"2024-04-22 10:47:15.991423"
1894,3.65,4.08,9.27,6.48,62.84,50.15,87.43,59.63,32.0,46.82,,252.04,22.556973,88.4940996,"2024-04-22 10:47:21.015626"
1895,4.59,5.4,8.24,6.15,61.07,51.44,85.52,61.15,32.0,49.05,,253.44,22.556973,88.4940996,"2024-04-22 10:47:26.038261"
1896,5.05,4.24,9.35,6.08,65.41,52.61,83.47,58.66,32.0,47.92,,251.66,22.556973,88.4940996,"2024-04-22 10:47:31.061142"
1897,5.41,4.95,9.4,6.45,62.67,53.14,83.74,61.0,32.0,46.87,,253.29,22.556973,88.4940996,"2024-04-22 10:47:36.087997"
1898,5.39,4.63,8.87,6.26,61.11,51.49,87.58,61.11,32.0,48.41,,252.61,22.556973,88.4940996,"2024-04-22 10:47:41.114027"
1899,4.57,4.25,8.3,6.04,56.75,50.74,80.75,60.19,32.0,47.03,,251.73,22.556973,88.4940996,"2024-04-22 10:47:46.143066"
1900,5.38,4.77,8.63,6.15,62.69,55.34,87.2,60.88,32.0,49.53,,252.22,22.556973,88.4940996,"2024-04-22 10:47:51.174308"
1901,5.04,4.82,8.81,5.61,54.68,51.07,84.68,61.19,32.0,47.82,,252.86,22.556973,88.4940996,"2024-04-22 10:47:56.199418"
1902,4.66,5.38,8.71,5.75,54.42,51.59,87.17,60.04,32.0,47.8,,252.9,22.556973,88.4940996,"2024-04-22 10:48:01.227188"
1903,3.64,4.31,9.25,6.52,59.71,50.56,83.92,58.99,32.0,46.43,,252.79,22.556973,88.4940996,"2024-04-22 10:48:06.258089"
1904,5.45,4.53,8.38,5.76,58.32,53.44,85.98,58.23,32.0,48.02,,253.15,22.556973,88.4940996,"2024-04-22 10:48:11.287929"
1905,4.4,5.01,8.6,6.52,65.02,53.62,80.23,60.94,32.0,46.7,,252.92,22.556973,88.4940996,"2024-04-22 10:48:16.318914"
1906,4.0,4.39,8.47,5.7,62.39,55.53,80.54,60.23,32.0,48.79,,252.1,22.556973,88.4940996,"2024-04-22 10:48:21.348851"
1907,3.44,4.98,8.36,5.51,59.52,54.5,80.88,61.3,32.0,46.57,,251.61,22.556973,88.4940996,"2024-04-22 10:48:26.378914"
1908,4.22,4.94,8.35,5.93,54.9,50.88,87.86,61.1,32.0,46.97,,251.76,22.556973,88.4940996,"2024-04-22 10:48:31.408197"
1909,4.63,5.18,9.37,6.19,60.02,50.65,81.07,62.12,32.0,49.66,,253.08,22.556973,88.4940996,"2024-04-22 10:48:36.448648"
1910,4.46,4.43,8.6,6.36,65.92,51.65,83.23,60.58,32.0,47.33,,253.2,22.556973,88.4940996,"2024-04-22 10:48:41.496963"
1911,4.3,4.24,9.2,6.5,57.19,50.19,87.65,60.21,32.0,49.96,,251.59,22.556973,88.4940996,"2024-04-22 10:48:46.524607"
1912,4.51,5.34,8.81,5.9,65.73,53.74,84.38,59.25,32.0,49.72,,252.3,22.556973,88.4940996,"2024-04-22 10:48:51.554313"
1913,4.16,5.23,9.63,6.4,63.49,53.87,86.76,59.19,32.0,49.64,,251.76,22.556973,88.4940996,"2024-04-22 10:48:56.581503"
1914,4.38,5.16,8.65,5.8,61.27,52.18,80.42,59.51,32.0,48.37,,253.07,22.556973,88.4940996,"2024-04-22 10:49:01.611204"
1915,5.4,5.14,8.41,6.2,57.23,53.14,82.46,61.73,32.0,50.0,,253.46,22.556973,88.4940996,"2024-04-22 10:49:06.641540"
1916,3.29,4.09,8.31,5.98,54.89,54.26,85.19,59.32,32.0,47.19,,253.2,22.556973,88.4940996,"2024-04-22 10:49:11.671420"
1917,3.51,4.5,9.05,6.23,65.34,55.2,85.33,62.03,32.0,47.63,,252.07,22.556973,88.4940996,"2024-04-22 10:49:16.703657"
1918,5.17,4.89,9.27,6.26,55.84,56.21,83.37,59.14,32.0,47.3,,251.97,22.556973,88.4940996,"2024-04-22 10:49:21.735575"
1919,5.07,4.15,8.47,5.53,57.48,56.9,85.43,59.58,32.0,48.56,,252.58,22.556973,88.4940996,"2024-04-22 10:49:26.770247"
1920,4.03,4.35,8.89,6.29,54.78,55.75,82.92,62.02,32.0,49.06,,253.22,22.556973,88.4940996,"2024-04-22 10:49:31.799333"
1921,3.63,4.05,9.43,6.33,59.73,52.18,81.52,60.7,32.0,48.8,,252.84,22.556973,88.4940996,"2024-04-22 10:49:36.829914"
1922,3.33,4.31,9.45,5.91,64.6,57.6,84.87,61.77,32.0,48.65,,252.95,22.556973,88.4940996,"2024-04-22 10:49:41.861257"
1923,3.39,4.07,9.38,5.96,60.96,55.44,87.51,61.03,32.0,46.7,,253.11,22.556973,88.4940996,"2024-04-22 10:49:46.890266"
1924,4.78,5.12,9.37,6.29,56.04,54.42,85.32,60.08,32.0,46.49,,253.09,22.556973,88.4940996,"2024-04-22 10:49:51.920737"
1925,4.25,4.1,9.68,6.4,60.21,51.09,83.96,60.78,32.0,47.8,,252.21,22.556973,88.4940996,"2024-04-22 10:49:56.953123"
1926,3.59,4.05,9.29,6.38,57.34,57.1,84.27,59.39,32.0,48.87,,251.74,22.556973,88.4940996,"2024-04-22 10:50:01.981358"
1927,5.28,4.72,8.55,5.75,62.77,56.42,86.79,58.67,32.0,48.18,,253.41,22.556973,88.4940996,"2024-04-22 10:50:07.009963"
1928,4.94,4.17,9.72,6.2,55.73,55.18,81.53,60.33,32.0,48.07,,252.99,22.556973,88.4940996,"2024-04-22 10:50:12.039673"
1929,5.06,4.51,8.8,5.67,60.25,51.32,82.91,60.95,32.0,47.86,,252.93,22.556973,88.4940996,"2024-04-22 10:50:17.067392"
1930,3.51,5.38,8.35,6.07,64.37,56.44,84.43,62.08,32.0,47.43,,252.51,22.556973,88.4940996,"2024-04-22 10:50:22.095545"
1931,3.96,4.58,9.55,5.77,54.16,52.14,80.21,58.57,32.0,46.57,,251.93,22.556973,88.4940996,"2024-04-22 10:50:27.123160"
1932,3.34,4.48,8.44,5.59,55.46,55.23,81.54,61.59,32.0,47.72,,251.61,22.556973,88.4940996,"2024-04-22 10:50:32.150140"
1933,5.31,5.26,8.4,5.66,58.19,52.48,85.28,61.2,32.0,48.99,,252.36,22.556973,88.4940996,"2024-04-22 10:50:37.176530"
1934,5.11,5.34,9.24,5.79,59.13,54.17,83.07,61.5,32.0,46.29,,251.63,22.556973,88.4940996,"2024-04-22 10:50:42.196794"
1935,5.13,4.58,8.24,5.51,56.44,50.37,84.03,61.26,32.0,47.69,,253.43,22.556973,88.4940996,"2024-04-22 10:50:47.220771"
1936,4.12,4.66,8.77,5.7,65.21,57.74,84.13,60.38,32.0,49.5,,252.33,22.556973,88.4940996,"2024-04-22 10:50:52.241451"
1937,4.53,4.61,9.19,6.53,64.18,55.51,87.8,59.53,32.0,46.76,,251.74,22.556973,88.4940996,"2024-04-22 10:50:57.266719"
1938,3.45,4.68,8.63,6.51,55.49,53.52,80.95,61.51,32.0,49.64,,251.84,22.556973,88.4940996,"2024-04-22 10:51:02.296994"
1939,4.8,4.23,8.22,6.57,54.58,52.23,82.4,60.97,32.0,48.92,,251.7,22.556973,88.4940996,"2024-04-22 10:51:07.328020"
1940,3.22,4.59,9.63,5.74,56.0,50.62,81.91,62.12,32.0,48.18,,252.73,22.556973,88.4940996,"2024-04-22 10:51:12.355294"
1941,3.98,4.49,9.65,6.44,54.4,52.19,83.7,61.95,32.0,48.92,,252.39,22.556973,88.4940996,"2024-04-22 10:51:17.383317"
1942,3.95,5.2,9.43,6.43,59.62,51.83,80.44,61.61,32.0,46.46,,252.9,22.556973,88.4940996,"2024-04-22 10:51:22.409896"
1943,4.06,5.41,9.24,5.52,54.6,53.18,83.27,58.75,32.0,48.69,,251.88,22.556973,88.4940996,"2024-04-22 10:51:27.437080"
1944,4.94,4.42,8.77,6.44,58.13,50.09,86.69,58.45,32.0,48.14,,252.7,22.556973,88.4940996,"2024-04-22 10:51:32.464898"
1945,4.23,5.43,8.25,6.33,55.17,51.14,86.78,59.45,32.0,47.76,,251.74,22.556973,88.4940996,"2024-04-22 10:51:37.497000"
1946,4.67,4.83,8.74,6.07,56.26,52.86,87.13,58.62,32.0,47.46,,252.25,22.556973,88.4940996,"2024-04-22 10:51:42.524534"
1947,5.43,4.18,9.35,5.8,60.22,51.11,82.31,58.86,32.0,48.69,,253.09,22.556973,88.4940996,"2024-04-22 10:51:47.551555"
1948,3.96,5.42,9.32,6.25,57.61,55.32,86.08,62.04,32.0,49.48,,252.91,22.556973,88.4940996,"2024-04-22 10:51:52.582128"
1949,4.51,4.48,9.11,6.14,59.7,50.03,82.97,60.94,32.0,48.38,,252.21,22.556973,88.4940996,"2024-04-22 10:51:57.612211"
1950,3.65,4.55,8.67,6.06,62.2,55.35,80.38,60.05,32.0,46.35,,252.76,22.556973,88.4940996,"2024-04-22 10:52:02.639624"
1951,3.32,4.8,8.69,5.69,63.47,54.73,80.8,60.41,32.0,47.26,,253.28,22.556973,88.4940996,"2024-04-22 10:52:07.660483"
1952,3.36,4.59,8.3,5.8,57.85,57.05,82.52,61.92,32.0,48.84,,253.11,22.556973,88.4940996,"2024-04-22 10:52:12.684928"
1953,3.7,4.52,9.11,6.52,58.44,52.19,83.47,58.96,32.0,47.24,,251.72,22.556973,88.4940996,"2024-04-22 10:52:17.710069"
1954,4.23,4.17,9.11,6.14,64.67,50.59,82.72,59.24,32.0,49.54,,252.09,22.556973,88.4940996,"2024-04-22 10:52:22.731252"
1955,4.44,4.43,9.64,6.57,56.78,55.61,80.49,60.48,32.0,46.65,,251.99,22.556973,88.4940996,"2024-04-22 10:52:27.756024"
1956,4.28,5.03,9.58,5.91,57.76,52.2,82.83,62.02,32.0,47.69,,253.26,22.556973,88.4940996,"2024-04-22 10:52:32.778065"
1957,3.41,4.33,8.72,6.25,63.5,52.17,87.53,61.78,32.0,47.75,,251.82,22.556973,88.4940996,"2024-04-22 10:54:02.254563"
1958,5.01,4.65,8.97,6.21,65.49,51.38,81.42,60.96,32.0,47.08,,251.61,22.556973,88.4940996,"2024-04-22 10:54:07.285396"
1959,4.89,4.32,8.42,6.26,55.37,55.81,85.68,59.96,32.0,46.58,,251.93,22.556973,88.4940996,"2024-04-22 10:54:12.312568"
1960,3.7,5.5,9.52,6.11,64.57,56.84,82.45,60.08,32.0,49.98,,252.17,22.556973,88.4940996,"2024-04-22 10:54:17.339697"
1961,4.65,4.04,8.75,6.23,63.35,55.83,86.95,60.01,32.0,46.98,,252.26,22.556973,88.4940996,"2024-04-22 10:54:22.367345"
1962,5.1,4.91,9.66,5.66,57.98,50.61,82.69,61.81,32.0,47.96,,252.72,22.556973,88.4940996,"2024-04-22 10:54:27.395878"
1963,4.81,4.19,8.67,5.96,61.08,55.77,85.9,60.8,32.0,46.95,,252.11,22.556973,88.4940996,"2024-04-22 10:54:32.422083"
1964,3.66,4.38,9.63,5.59,57.91,56.15,84.41,59.84,32.0,49.06,,253.4,22.556973,88.4940996,"2024-04-22 10:54:37.442765"
1965,3.95,4.29,8.37,5.77,54.52,55.36,85.27,60.45,32.0,49.04,,252.43,22.556973,88.4940996,"2024-04-22 10:54:42.469919"
1966,5.31,4.31,9.09,6.34,58.04,51.63,86.16,58.4,32.0,49.54,,252.11,22.556973,88.4940996,"2024-04-22 10:54:47.495388"
1967,3.22,5.29,8.55,6.2,61.15,53.71,86.06,60.28,32.0,46.27,,253.46,22.556973,88.4940996,"2024-04-22 10:54:52.527020"
1968,4.4,4.13,8.58,6.14,60.8,53.83,82.42,61.22,32.0,46.42,,252.25,22.556973,88.4940996,"2024-04-22 10:54:57.549893"
1969,5.2,4.08,8.44,5.84,63.94,50.19,87.79,58.39,32.0,47.98,,251.51,22.556973,88.4940996,"2024-04-22 10:55:02.573750"
1970,4.94,4.27,8.87,6.08,57.91,56.36,85.04,59.39,32.0,47.02,,252.23,22.556973,88.4940996,"2024-04-22 10:55:07.594661"
1971,3.29,4.29,8.89,5.88,58.64,54.55,86.33,59.34,32.0,47.94,,251.56,22.556973,88.4940996,"2024-04-22 10:55:12.619672"
1972,4.97,4.7,9.68,5.72,55.22,50.82,81.69,59.87,32.0,49.04,,251.51,22.556973,88.4940996,"2024-04-22 10:55:17.640022"
1973,4.89,4.27,8.49,6.13,60.06,51.15,85.49,58.91,32.0,48.44,,252.9,22.556973,88.4940996,"2024-04-22 10:55:22.661151"
1974,3.76,4.9,8.92,5.84,54.47,51.79,81.63,58.51,32.0,48.07,,251.84,22.556973,88.4940996,"2024-04-22 10:55:27.680751"
1975,4.32,4.49,8.73,6.43,57.4,55.46,86.93,61.41,32.0,47.32,,252.67,22.556973,88.4940996,"2024-04-22 10:55:32.701871"
1976,4.42,4.9,8.6,5.97,65.77,51.33,81.36,60.0,32.0,47.57,,251.53,22.556973,88.4940996,"2024-04-22 10:55:37.722853"
1977,4.99,4.61,9.67,6.01,64.34,56.86,84.64,61.33,32.0,49.59,,252.4,22.556973,88.4940996,"2024-04-22 10:55:42.747079"
1978,4.58,4.67,9.18,5.72,57.4,55.26,86.16,60.79,32.0,49.8,,253.36,22.556973,88.4940996,"2024-04-22 10:55:47.768386"
1979,3.37,5.22,8.73,5.54,63.13,51.1,84.95,60.96,32.0,46.31,,251.52,22.556973,88.4940996,"2024-04-22 10:55:52.788690"
1980,4.73,4.42,9.22,5.6,61.44,50.9,85.73,60.26,32.0,46.93,,251.67,22.556973,88.4940996,"2024-04-22 10:55:57.812500"
1981,3.72,5.43,8.94,6.19,63.94,57.54,82.86,60.87,32.0,48.42,,253.44,22.556973,88.4940996,"2024-04-22 10:56:02.838000"
1982,3.44,4.44,9.0,6.05,63.72,55.86,81.05,60.43,32.0,49.11,,252.62,22.556973,88.4940996,"2024-04-22 10:56:07.923359"
1983,5.33,4.22,9.26,6.49,60.75,52.87,87.98,60.04,32.0,48.39,,253.46,22.556973,88.4940996,"2024-04-22 10:56:12.956909"
1984,3.57,4.92,9.13,6.0,56.34,50.51,85.2,60.67,32.0,46.73,,252.11,22.556973,88.4940996,"2024-04-22 10:56:17.978937"
1985,3.81,5.02,9.16,5.89,60.15,54.69,80.89,60.48,32.0,49.1,,252.06,22.556973,88.4940996,"2024-04-22 10:56:22.999780"
1986,4.07,4.01,9.03,5.55,58.34,57.3,87.94,60.76,32.0,47.27,,251.55,22.556973,88.4940996,"2024-04-22 10:56:28.027625"
1987,3.75,5.03,8.36,6.25,62.55,54.29,84.25,59.56,32.0,49.16,,252.47,22.556973,88.4940996,"2024-04-22 10:56:33.056763"
1988,5.14,4.97,9.2,5.56,60.58,55.78,84.5,62.04,32.0,47.09,,252.36,22.556973,88.4940996,"2024-04-22 10:56:38.080547"
1989,4.1,5.27,8.45,5.6,59.89,56.27,85.77,59.52,32.0,49.02,,251.53,22.556973,88.4940996,"2024-04-22 10:56:43.104297"
1990,3.65,5.34,8.45,5.63,55.22,53.21,83.6,62.22,32.0,47.7,,252.73,22.556973,88.4940996,"2024-04-22 10:56:48.130776"
1991,4.5,4.35,8.2,5.74,61.4,53.31,85.99,60.26,32.0,49.3,,252.56,22.556973,88.4940996,"2024-04-22 10:56:53.153212"
1992,5.26,5.42,9.57,6.08,55.49,57.61,86.02,62.02,32.0,49.22,,251.96,22.556973,88.4940996,"2024-04-22 10:56:58.334365"
1993,3.9,4.16,8.99,6.09,60.06,51.54,81.0,60.12,32.0,49.93,,253.02,22.556973,88.4940996,"2024-04-22 10:57:03.361696"
1994,4.62,4.19,8.39,5.87,59.23,53.58,83.37,60.16,32.0,48.73,,252.87,22.556973,88.4940996,"2024-04-22 10:57:08.388555"
1995,4.49,5.38,9.46,6.19,61.57,54.43,83.31,59.68,32.0,47.78,,252.75,22.556973,88.4940996,"2024-04-22 10:57:13.414391"
1996,4.68,4.9,8.71,6.11,61.68,56.43,87.88,60.0,32.0,48.76,,252.19,22.556973,88.4940996,"2024-04-22 10:57:18.436612"
1997,4.62,4.95,8.85,6.23,63.81,53.63,83.62,58.63,32.0,49.6,,252.96,22.556973,88.4940996,"2024-04-22 10:57:23.458815"
1998,5.33,4.93,8.58,5.53,60.91,51.94,82.77,60.68,32.0,47.33,,253.09,22.556973,88.4940996,"2024-04-22 10:57:28.483175"
1999,5.05,5.01,8.23,5.55,63.01,56.68,84.06,61.87,32.0,46.9,,252.74,22.556973,88.4940996,"2024-04-22 10:57:33.514553"
2000,4.45,4.29,9.17,6.43,59.05,52.67,87.08,61.86,32.0,49.15,,253.19,22.556973,88.4940996,"2024-04-22 10:57:38.540615"
2001,3.31,4.12,9.15,5.59,65.62,54.5,87.52,62.2,32.0,49.88,,252.44,22.556973,88.4940996,"2024-04-22 10:57:43.565070"
2002,3.91,5.05,9.26,6.24,62.19,53.26,85.39,62.16,32.0,49.74,,251.8,22.556973,88.4940996,"2024-04-22 10:57:48.587059"
2003,4.37,5.06,8.84,6.49,64.24,52.22,80.22,61.05,32.0,47.29,,253.44,22.556973,88.4940996,"2024-04-22 10:57:53.609901"
2004,3.59,5.26,8.94,5.96,65.24,53.01,81.59,59.91,32.0,49.46,,253.32,22.556973,88.4940996,"2024-04-22 10:57:58.634111"
2005,4.56,4.95,9.13,6.36,55.82,51.58,83.91,58.78,32.0,46.24,,252.36,22.556973,88.4940996,"2024-04-22 10:58:03.663122"
2006,4.56,4.52,9.15,5.53,55.38,51.13,87.15,59.13,32.0,48.88,,251.53,22.556973,88.4940996,"2024-04-22 10:58:08.734444"
2007,4.96,5.31,9.39,6.01,60.08,50.4,83.54,60.74,32.0,46.28,,252.32,22.556973,88.4940996,"2024-04-22 10:58:13.769658"
2008,5.46,5.28,9.36,5.67,59.49,54.66,87.47,60.99,32.0,48.15,,251.95,22.556973,88.4940996,"2024-04-22 10:58:18.799728"
2009,3.24,5.49,8.64,5.76,59.05,55.11,84.34,61.21,32.0,48.76,,251.83,22.556973,88.4940996,"2024-04-22 10:58:23.830787"
2010,3.58,4.53,9.52,5.62,63.34,51.23,84.55,59.53,32.0,46.57,,252.71,22.556973,88.4940996,"2024-04-22 10:58:28.862323"
2011,4.07,4.33,9.45,6.54,61.28,54.57,84.63,60.55,32.0,49.71,,252.88,22.556973,88.4940996,"2024-04-22 10:58:33.892301"
2012,4.56,4.41,8.42,6.51,58.46,55.17,82.37,61.72,32.0,48.55,,253.01,22.556973,88.4940996,"2024-04-22 10:58:38.920590"
2013,5.25,5.22,8.79,6.06,55.08,54.7,86.81,58.34,32.0,47.47,,252.6,22.556973,88.4940996,"2024-04-22 10:58:43.957180"
2014,4.54,4.07,8.25,5.87,65.36,56.24,81.94,59.74,32.0,48.04,,253.31,22.556973,88.4940996,"2024-04-22 10:58:48.991136"
2015,3.33,4.3,8.89,5.82,64.01,55.28,83.31,59.88,32.0,46.89,,251.86,22.556973,88.4940996,"2024-04-22 11:00:18.548803"
2016,4.13,4.03,8.48,5.63,58.54,53.58,80.93,58.79,32.0,47.01,,252.5,22.556973,88.4940996,"2024-04-22 11:00:23.587960"
2017,4.74,4.3,8.87,6.16,55.41,51.57,81.83,59.57,32.0,49.72,,252.4,22.556973,88.4940996,"2024-04-22 11:00:28.625552"
2018,5.17,5.2,9.13,6.0,55.38,50.54,81.96,61.9,32.0,49.1,,251.6,22.556973,88.4940996,"2024-04-22 11:00:33.646826"
2019,4.07,4.19,8.64,6.55,61.21,54.43,86.06,61.06,32.0,46.27,,252.46,22.556973,88.4940996,"2024-04-22 11:00:38.672462"
2020,3.28,5.12,9.0,6.52,64.09,54.31,87.39,59.74,32.0,49.26,,253.07,22.556973,88.4940996,"2024-04-22 11:00:43.700861"
2021,3.5,4.16,8.34,5.85,59.71,53.31,82.46,59.62,32.0,49.7,,252.92,22.556973,88.4940996,"2024-04-22 11:00:48.733374"
2022,3.76,4.78,9.22,6.54,64.33,51.36,84.42,60.34,32.0,46.88,,252.0,22.556973,88.4940996,"2024-04-22 11:00:53.764572"
2023,3.24,5.48,9.46,6.21,54.03,55.67,82.86,61.78,32.0,48.59,,252.84,22.556973,88.4940996,"2024-04-22 11:00:58.789035"
2024,4.69,4.75,8.45,5.59,57.2,50.25,86.34,60.8,32.0,46.48,,253.1,22.556973,88.4940996,"2024-04-22 11:01:03.816574"
2025,3.7,4.53,9.25,6.58,64.06,54.88,85.26,61.93,32.0,46.79,,252.92,22.556973,88.4940996,"2024-04-22 11:01:08.840296"
2026,4.62,4.74,9.01,6.15,63.71,55.51,81.22,58.74,32.0,47.66,,252.82,22.556973,88.4940996,"2024-04-22 11:01:13.863574"
2027,4.34,4.39,9.23,6.35,60.71,52.55,80.54,58.34,32.0,48.11,,253.46,22.556973,88.4940996,"2024-04-22 11:01:18.890160"
2028,5.31,4.27,9.79,6.22,65.37,57.94,86.31,61.79,32.0,49.21,,251.91,22.556973,88.4940996,"2024-04-22 11:01:23.912887"
2029,5.38,4.61,9.73,5.91,56.97,55.56,85.36,59.36,32.0,49.24,,253.41,22.556973,88.4940996,"2024-04-22 11:01:28.934325"
2030,3.5,4.89,9.68,5.59,64.56,55.49,84.4,61.02,32.0,47.62,,251.71,22.556973,88.4940996,"2024-04-22 11:01:33.957627"
2031,5.04,4.9,9.55,5.53,57.77,53.04,86.61,59.52,32.0,48.62,,252.5,22.556973,88.4940996,"2024-04-22 11:01:38.978488"
2032,3.96,4.56,9.62,5.66,61.74,55.85,86.21,61.79,32.0,48.74,,252.73,22.556973,88.4940996,"2024-04-22 11:01:44.001830"
2033,4.43,4.92,8.7,5.54,61.02,51.64,80.32,60.31,32.0,49.48,,253.23,22.556973,88.4940996,"2024-04-22 11:01:49.026386"
2034,5.48,4.93,8.48,5.55,60.09,52.38,85.48,59.2,32.0,47.14,,253.27,22.556973,88.4940996,"2024-04-22 11:01:54.048717"
2035,4.54,4.16,8.54,6.49,54.29,57.41,85.1,60.78,32.0,46.48,,252.31,22.556973,88.4940996,"2024-04-22 11:01:59.072561"
2036,5.33,5.42,8.83,5.56,55.97,51.06,84.93,60.56,32.0,46.3,,252.18,22.556973,88.4940996,"2024-04-22 11:02:04.105367"
2037,4.12,4.89,9.28,6.26,55.85,53.2,87.12,59.86,32.0,46.6,,251.66,22.556973,88.4940996,"2024-04-22 11:02:09.132636"
2038,4.9,4.42,8.73,6.46,60.42,52.53,82.5,59.06,32.0,46.88,,253.15,22.556973,88.4940996,"2024-04-22 11:07:54.838057"
2039,4.38,4.75,8.65,5.63,61.72,56.81,84.58,58.73,32.0,46.71,,252.43,22.556973,88.4940996,"2024-04-22 11:07:59.909179"
2040,4.85,4.15,9.75,6.11,58.58,51.0,85.6,59.0,32.0,46.68,,252.33,22.556973,88.4940996,"2024-04-22 11:08:04.938172"
2041,4.2,5.43,9.16,5.77,65.67,52.25,84.11,61.97,32.0,48.56,,252.49,22.556973,88.4940996,"2024-04-22 11:08:09.958213"
2042,3.45,4.32,8.51,5.61,57.34,53.38,81.47,62.27,32.0,46.34,,251.79,22.556973,88.4940996,"2024-04-22 11:08:14.980593"
2043,4.25,4.54,8.5,5.72,62.39,53.75,87.54,59.82,32.0,48.56,,251.56,22.556973,88.4940996,"2024-04-22 11:08:20.003852"
2044,4.75,5.13,9.1,5.99,62.25,50.56,87.58,58.57,32.0,48.76,,252.74,22.556973,88.4940996,"2024-04-22 11:08:25.025391"
2045,4.32,4.32,9.44,5.53,60.44,53.83,86.45,62.24,32.0,47.05,,252.03,22.556973,88.4940996,"2024-04-22 11:08:30.045695"
2046,3.51,4.79,9.32,6.37,56.26,52.52,82.54,62.02,32.0,48.77,,251.96,22.556973,88.4940996,"2024-04-22 11:08:35.070679"
2047,3.38,5.01,9.45,5.88,65.44,54.72,80.78,60.35,32.0,48.56,,251.56,22.556973,88.4940996,"2024-04-22 11:08:40.093554"
2048,3.88,5.07,8.74,6.24,56.67,57.75,87.56,60.42,32.0,47.47,,252.57,22.556973,88.4940996,"2024-04-22 11:08:45.117229"
2049,3.28,4.85,8.52,6.27,58.79,56.12,83.78,62.05,32.0,47.42,,253.05,22.556973,88.4940996,"2024-04-22 11:08:50.144747"
2050,3.86,5.35,8.44,6.12,58.58,56.84,81.96,59.19,32.0,48.86,,253.49,22.556973,88.4940996,"2024-04-22 11:08:55.166146"
2051,4.44,4.28,9.19,6.42,57.51,51.38,80.95,62.08,32.0,48.63,,252.4,22.556973,88.4940996,"2024-04-22 11:09:00.188431"
2052,3.29,4.94,8.66,6.3,56.41,52.95,87.16,60.94,32.0,49.08,,252.75,22.556973,88.4940996,"2024-04-22 11:09:05.213864"
2053,3.22,4.52,9.41,5.79,65.49,55.12,86.66,61.93,32.0,46.81,,253.24,22.556973,88.4940996,"2024-04-22 11:09:10.236709"
2054,5.23,5.22,8.82,5.63,56.35,54.52,81.06,59.06,32.0,46.47,,253.31,22.556973,88.4940996,"2024-04-22 11:09:15.256897"
2055,5.35,5.4,9.77,5.95,59.35,56.19,83.27,62.22,32.0,49.92,,251.52,22.556973,88.4940996,"2024-04-22 11:09:20.282407"
2056,4.44,4.02,9.24,5.55,58.88,50.51,80.76,61.26,32.0,49.23,,252.54,22.556973,88.4940996,"2024-04-22 11:09:25.306257"
2057,4.95,4.88,9.51,6.45,60.82,50.39,85.04,59.74,32.0,46.65,,253.49,22.556973,88.4940996,"2024-04-22 11:09:30.330403"
2058,3.99,4.13,8.66,5.7,55.33,53.09,84.3,58.92,32.0,47.1,,252.75,22.556973,88.4940996,"2024-04-22 11:09:35.353210"
2059,5.05,4.21,9.4,6.33,59.39,53.15,83.38,61.03,32.0,48.87,,251.84,22.556973,88.4940996,"2024-04-22 11:09:40.376639"
2060,3.73,4.88,8.61,6.57,63.83,52.95,86.18,61.87,32.0,46.42,,252.78,22.556973,88.4940996,"2024-04-22 11:09:45.399694"
2061,5.34,4.14,9.19,5.89,56.93,51.34,83.78,58.69,32.0,47.63,,251.96,22.556973,88.4940996,"2024-04-22 11:09:50.422583"
2062,3.35,4.08,8.37,5.66,56.05,54.99,87.34,60.97,32.0,49.95,,252.62,22.556973,88.4940996,"2024-04-22 11:09:55.448740"
2063,4.29,5.37,9.0,6.34,65.57,51.69,80.72,62.08,32.0,47.29,,252.41,22.556973,88.4940996,"2024-04-22 11:10:00.474960"
2064,3.28,4.26,9.74,6.25,59.25,50.14,84.87,58.89,32.0,46.58,,253.26,22.556973,88.4940996,"2024-04-22 11:10:05.525702"
2065,4.18,4.2,9.46,5.59,57.34,53.36,83.75,59.88,32.0,47.76,,252.3,22.556973,88.4940996,"2024-04-22 11:10:10.554937"
2066,4.18,4.53,8.62,5.64,56.84,52.6,81.83,62.21,32.0,48.9,,252.07,22.556973,88.4940996,"2024-04-22 11:10:15.578690"
2067,5.46,5.43,8.37,5.52,61.51,54.13,81.05,61.62,32.0,49.78,,251.9,22.556973,88.4940996,"2024-04-22 11:10:20.608796"
2068,5.36,5.04,8.99,6.47,61.31,54.26,83.27,61.55,32.0,48.54,,253.09,22.556973,88.4940996,"2024-04-22 11:10:25.633980"
2069,4.52,5.28,8.9,5.64,65.8,54.47,87.27,62.18,32.0,47.41,,252.46,22.556973,88.4940996,"2024-04-22 11:10:30.661951"
2070,4.09,4.53,9.09,5.71,61.32,55.27,80.2,60.73,32.0,47.49,,252.25,22.556973,88.4940996,"2024-04-22 11:10:35.686666"
2071,4.54,5.3,8.69,5.98,54.59,57.74,85.66,58.55,32.0,46.72,,253.21,22.556973,88.4940996,"2024-04-22 11:10:40.721985"
2072,4.77,4.39,9.34,5.74,65.38,56.15,83.78,61.37,32.0,47.3,,252.4,22.556973,88.4940996,"2024-04-22 11:10:45.747924"
2073,5.24,4.72,8.29,5.96,56.66,56.51,84.68,61.99,32.0,49.23,,253.12,22.556973,88.4940996,"2024-04-22 11:10:51.774135"
2074,3.46,5.33,9.49,6.12,55.78,57.21,82.41,58.38,32.0,47.04,,253.26,22.556973,88.4940996,"2024-04-22 11:10:56.804833"
2075,5.36,4.84,8.54,6.51,61.88,52.34,85.35,60.92,32.0,49.23,,251.93,22.556973,88.4940996,"2024-04-22 11:11:01.829056"
2076,3.82,4.68,8.61,6.57,60.66,50.7,86.09,59.1,32.0,47.68,,253.3,22.556973,88.4940996,"2024-04-22 11:11:06.852867"
2077,5.11,4.8,8.94,6.29,65.4,56.07,83.19,62.3,32.0,46.41,,251.65,22.556973,88.4940996,"2024-04-22 11:11:11.882630"
2078,3.97,5.19,8.22,5.63,65.62,56.26,80.51,62.29,32.0,47.75,,252.93,22.556973,88.4940996,"2024-04-22 11:11:16.904444"
2079,3.61,4.19,8.7,5.7,64.61,50.15,82.08,59.6,32.0,48.79,,252.33,22.556973,88.4940996,"2024-04-22 11:23:06.854173"
2080,4.73,5.34,8.98,5.64,58.43,57.49,80.17,58.65,32.0,47.53,,251.8,22.556973,88.4940996,"2024-04-22 11:23:11.963223"
2081,3.38,4.98,8.9,6.6,60.46,54.33,80.06,59.34,32.0,47.47,,252.52,22.556973,88.4940996,"2024-04-22 11:23:17.069866"
